[2025-05-01 08:22:22] local.ERROR: $ref "#/components/schemas/Keringanan" not found for @OA\Items() in \App\Http\Controllers\KeringananController->index() in C:\xampp\htdocs\simpadu-keuangan\app\Http\Controllers\KeringananController.php on line 32 {"exception":"[object] (ErrorException(code: 0): $ref \"#/components/schemas/Keringanan\" not found for @OA\\Items() in \\App\\Http\\Controllers\\KeringananController->index() in C:\\xampp\\htdocs\\simpadu-keuangan\\app\\Http\\Controllers\\KeringananController.php on line 32 at C:\\xampp\\htdocs\\simpadu-keuangan\\vendor\\zircote\\swagger-php\\src\\Loggers\\DefaultLogger.php:23)
[stacktrace]
#0 C:\\xampp\\htdocs\\simpadu-keuangan\\vendor\\laravel\\framework\\src\\Illuminate\\Foundation\\Bootstrap\\HandleExceptions.php(256): Illuminate\\Foundation\\Bootstrap\\HandleExceptions->handleError(512, '$ref \"#/compone...', 'C:\\\\xampp\\\\htdocs...', 23)
#1 [internal function]: Illuminate\\Foundation\\Bootstrap\\HandleExceptions->Illuminate\\Foundation\\Bootstrap\\{closure}(512, '$ref \"#/compone...', 'C:\\\\xampp\\\\htdocs...', 23)
#2 C:\\xampp\\htdocs\\simpadu-keuangan\\vendor\\zircote\\swagger-php\\src\\Loggers\\DefaultLogger.php(23): trigger_error('$ref \"#/compone...', 512)
#3 C:\\xampp\\htdocs\\simpadu-keuangan\\vendor\\psr\\log\\src\\LoggerTrait.php(61): OpenApi\\Loggers\\DefaultLogger->log('warning', '$ref \"#/compone...', Array)
#4 C:\\xampp\\htdocs\\simpadu-keuangan\\vendor\\zircote\\swagger-php\\src\\Annotations\\AbstractAnnotation.php(502): Psr\\Log\\AbstractLogger->warning('$ref \"#/compone...', Array)
#5 C:\\xampp\\htdocs\\simpadu-keuangan\\vendor\\zircote\\swagger-php\\src\\Annotations\\Schema.php(519): OpenApi\\Annotations\\AbstractAnnotation->validate(Array, Array, '#/paths/2/get/r...', Object(stdClass))
#6 C:\\xampp\\htdocs\\simpadu-keuangan\\vendor\\zircote\\swagger-php\\src\\Annotations\\Items.php(50): OpenApi\\Annotations\\Schema->validate(Array, Array, '#/paths/2/get/r...', Object(stdClass))
#7 C:\\xampp\\htdocs\\simpadu-keuangan\\vendor\\zircote\\swagger-php\\src\\Annotations\\AbstractAnnotation.php(583): OpenApi\\Annotations\\Items->validate(Array, Array, '#/paths/2/get/r...', Object(stdClass))
#8 C:\\xampp\\htdocs\\simpadu-keuangan\\vendor\\zircote\\swagger-php\\src\\Annotations\\AbstractAnnotation.php(556): OpenApi\\Annotations\\AbstractAnnotation::_validate(Object(OpenApi\\Annotations\\JsonContent), Array, Array, '#/paths/2/get/r...', Object(stdClass))
#9 C:\\xampp\\htdocs\\simpadu-keuangan\\vendor\\zircote\\swagger-php\\src\\Annotations\\Schema.php(519): OpenApi\\Annotations\\AbstractAnnotation->validate(Array, Array, '#/paths/2/get/r...', Object(stdClass))
#10 C:\\xampp\\htdocs\\simpadu-keuangan\\vendor\\zircote\\swagger-php\\src\\Annotations\\AbstractAnnotation.php(583): OpenApi\\Annotations\\Schema->validate(Array, Array, '#/paths/2/get/r...', Object(stdClass))
#11 C:\\xampp\\htdocs\\simpadu-keuangan\\vendor\\zircote\\swagger-php\\src\\Annotations\\AbstractAnnotation.php(556): OpenApi\\Annotations\\AbstractAnnotation::_validate(Object(OpenApi\\Annotations\\MediaType), Array, Array, '#/paths/2/get/r...', Object(stdClass))
#12 C:\\xampp\\htdocs\\simpadu-keuangan\\vendor\\zircote\\swagger-php\\src\\Annotations\\AbstractAnnotation.php(583): OpenApi\\Annotations\\AbstractAnnotation->validate(Array, Array, '#/paths/2/get/r...', Object(stdClass))
#13 C:\\xampp\\htdocs\\simpadu-keuangan\\vendor\\zircote\\swagger-php\\src\\Annotations\\AbstractAnnotation.php(589): OpenApi\\Annotations\\AbstractAnnotation::_validate(Array, Array, Array, '#/paths/2/get/r...', Object(stdClass))
#14 C:\\xampp\\htdocs\\simpadu-keuangan\\vendor\\zircote\\swagger-php\\src\\Annotations\\AbstractAnnotation.php(556): OpenApi\\Annotations\\AbstractAnnotation::_validate(Object(OpenApi\\Annotations\\Response), Array, Array, '#/paths/2/get/r...', Object(stdClass))
#15 C:\\xampp\\htdocs\\simpadu-keuangan\\vendor\\zircote\\swagger-php\\src\\Annotations\\Response.php(121): OpenApi\\Annotations\\AbstractAnnotation->validate(Array, Array, '#/paths/2/get/r...', Object(stdClass))
#16 C:\\xampp\\htdocs\\simpadu-keuangan\\vendor\\zircote\\swagger-php\\src\\Annotations\\AbstractAnnotation.php(583): OpenApi\\Annotations\\Response->validate(Array, Array, '#/paths/2/get/r...', Object(stdClass))
#17 C:\\xampp\\htdocs\\simpadu-keuangan\\vendor\\zircote\\swagger-php\\src\\Annotations\\AbstractAnnotation.php(589): OpenApi\\Annotations\\AbstractAnnotation::_validate(Array, Array, Array, '#/paths/2/get/r...', Object(stdClass))
#18 C:\\xampp\\htdocs\\simpadu-keuangan\\vendor\\zircote\\swagger-php\\src\\Annotations\\AbstractAnnotation.php(556): OpenApi\\Annotations\\AbstractAnnotation::_validate(Object(OpenApi\\Annotations\\Get), Array, Array, '#/paths/2/get', Object(stdClass))
#19 C:\\xampp\\htdocs\\simpadu-keuangan\\vendor\\zircote\\swagger-php\\src\\Annotations\\Operation.php(223): OpenApi\\Annotations\\AbstractAnnotation->validate(Array, Array, '#/paths/2/get', Object(stdClass))
#20 C:\\xampp\\htdocs\\simpadu-keuangan\\vendor\\zircote\\swagger-php\\src\\Annotations\\AbstractAnnotation.php(583): OpenApi\\Annotations\\Operation->validate(Array, Array, '#/paths/2/get', Object(stdClass))
#21 C:\\xampp\\htdocs\\simpadu-keuangan\\vendor\\zircote\\swagger-php\\src\\Annotations\\AbstractAnnotation.php(556): OpenApi\\Annotations\\AbstractAnnotation::_validate(Object(OpenApi\\Annotations\\PathItem), Array, Array, '#/paths/2', Object(stdClass))
#22 C:\\xampp\\htdocs\\simpadu-keuangan\\vendor\\zircote\\swagger-php\\src\\Annotations\\AbstractAnnotation.php(583): OpenApi\\Annotations\\AbstractAnnotation->validate(Array, Array, '#/paths/2', Object(stdClass))
#23 C:\\xampp\\htdocs\\simpadu-keuangan\\vendor\\zircote\\swagger-php\\src\\Annotations\\AbstractAnnotation.php(589): OpenApi\\Annotations\\AbstractAnnotation::_validate(Array, Array, Array, '#/paths', Object(stdClass))
#24 C:\\xampp\\htdocs\\simpadu-keuangan\\vendor\\zircote\\swagger-php\\src\\Annotations\\AbstractAnnotation.php(556): OpenApi\\Annotations\\AbstractAnnotation::_validate(Object(OpenApi\\Annotations\\OpenApi), Array, Array, '#', Object(stdClass))
#25 C:\\xampp\\htdocs\\simpadu-keuangan\\vendor\\zircote\\swagger-php\\src\\Annotations\\OpenApi.php(170): OpenApi\\Annotations\\AbstractAnnotation->validate(Array, Array, '#', Object(stdClass))
#26 C:\\xampp\\htdocs\\simpadu-keuangan\\vendor\\zircote\\swagger-php\\src\\Analysis.php(423): OpenApi\\Annotations\\OpenApi->validate()
#27 C:\\xampp\\htdocs\\simpadu-keuangan\\vendor\\zircote\\swagger-php\\src\\Generator.php(377): OpenApi\\Analysis->validate()
#28 C:\\xampp\\htdocs\\simpadu-keuangan\\vendor\\darkaonline\\l5-swagger\\src\\Generator.php(177): OpenApi\\Generator->generate(Object(Symfony\\Component\\Finder\\Finder), Object(OpenApi\\Analysis))
#29 C:\\xampp\\htdocs\\simpadu-keuangan\\vendor\\darkaonline\\l5-swagger\\src\\Generator.php(118): L5Swagger\\Generator->scanFilesForDocumentation()
#30 C:\\xampp\\htdocs\\simpadu-keuangan\\vendor\\darkaonline\\l5-swagger\\src\\Console\\GenerateDocsCommand.php(73): L5Swagger\\Generator->generateDocs()
#31 C:\\xampp\\htdocs\\simpadu-keuangan\\vendor\\darkaonline\\l5-swagger\\src\\Console\\GenerateDocsCommand.php(56): L5Swagger\\Console\\GenerateDocsCommand->generateDocumentation(Object(L5Swagger\\GeneratorFactory), 'default')
#32 C:\\xampp\\htdocs\\simpadu-keuangan\\vendor\\laravel\\framework\\src\\Illuminate\\Container\\BoundMethod.php(36): L5Swagger\\Console\\GenerateDocsCommand->handle(Object(L5Swagger\\GeneratorFactory))
#33 C:\\xampp\\htdocs\\simpadu-keuangan\\vendor\\laravel\\framework\\src\\Illuminate\\Container\\Util.php(43): Illuminate\\Container\\BoundMethod::Illuminate\\Container\\{closure}()
#34 C:\\xampp\\htdocs\\simpadu-keuangan\\vendor\\laravel\\framework\\src\\Illuminate\\Container\\BoundMethod.php(96): Illuminate\\Container\\Util::unwrapIfClosure(Object(Closure))
#35 C:\\xampp\\htdocs\\simpadu-keuangan\\vendor\\laravel\\framework\\src\\Illuminate\\Container\\BoundMethod.php(35): Illuminate\\Container\\BoundMethod::callBoundMethod(Object(Illuminate\\Foundation\\Application), Array, Object(Closure))
#36 C:\\xampp\\htdocs\\simpadu-keuangan\\vendor\\laravel\\framework\\src\\Illuminate\\Container\\Container.php(754): Illuminate\\Container\\BoundMethod::call(Object(Illuminate\\Foundation\\Application), Array, Array, NULL)
#37 C:\\xampp\\htdocs\\simpadu-keuangan\\vendor\\laravel\\framework\\src\\Illuminate\\Console\\Command.php(211): Illuminate\\Container\\Container->call(Array)
#38 C:\\xampp\\htdocs\\simpadu-keuangan\\vendor\\symfony\\console\\Command\\Command.php(279): Illuminate\\Console\\Command->execute(Object(Symfony\\Component\\Console\\Input\\ArgvInput), Object(Illuminate\\Console\\OutputStyle))
#39 C:\\xampp\\htdocs\\simpadu-keuangan\\vendor\\laravel\\framework\\src\\Illuminate\\Console\\Command.php(180): Symfony\\Component\\Console\\Command\\Command->run(Object(Symfony\\Component\\Console\\Input\\ArgvInput), Object(Illuminate\\Console\\OutputStyle))
#40 C:\\xampp\\htdocs\\simpadu-keuangan\\vendor\\symfony\\console\\Application.php(1094): Illuminate\\Console\\Command->run(Object(Symfony\\Component\\Console\\Input\\ArgvInput), Object(Symfony\\Component\\Console\\Output\\ConsoleOutput))
#41 C:\\xampp\\htdocs\\simpadu-keuangan\\vendor\\symfony\\console\\Application.php(342): Symfony\\Component\\Console\\Application->doRunCommand(Object(L5Swagger\\Console\\GenerateDocsCommand), Object(Symfony\\Component\\Console\\Input\\ArgvInput), Object(Symfony\\Component\\Console\\Output\\ConsoleOutput))
#42 C:\\xampp\\htdocs\\simpadu-keuangan\\vendor\\symfony\\console\\Application.php(193): Symfony\\Component\\Console\\Application->doRun(Object(Symfony\\Component\\Console\\Input\\ArgvInput), Object(Symfony\\Component\\Console\\Output\\ConsoleOutput))
#43 C:\\xampp\\htdocs\\simpadu-keuangan\\vendor\\laravel\\framework\\src\\Illuminate\\Foundation\\Console\\Kernel.php(197): Symfony\\Component\\Console\\Application->run(Object(Symfony\\Component\\Console\\Input\\ArgvInput), Object(Symfony\\Component\\Console\\Output\\ConsoleOutput))
#44 C:\\xampp\\htdocs\\simpadu-keuangan\\vendor\\laravel\\framework\\src\\Illuminate\\Foundation\\Application.php(1234): Illuminate\\Foundation\\Console\\Kernel->handle(Object(Symfony\\Component\\Console\\Input\\ArgvInput), Object(Symfony\\Component\\Console\\Output\\ConsoleOutput))
#45 C:\\xampp\\htdocs\\simpadu-keuangan\\artisan(16): Illuminate\\Foundation\\Application->handleCommand(Object(Symfony\\Component\\Console\\Input\\ArgvInput))
#46 {main}
"} 
[2025-05-01 08:23:26] local.ERROR: $ref "#/components/schemas/Keringanan" not found for @OA\Items() in \App\Http\Controllers\KeringananController->index() in C:\xampp\htdocs\simpadu-keuangan\app\Http\Controllers\KeringananController.php on line 32 {"exception":"[object] (ErrorException(code: 0): $ref \"#/components/schemas/Keringanan\" not found for @OA\\Items() in \\App\\Http\\Controllers\\KeringananController->index() in C:\\xampp\\htdocs\\simpadu-keuangan\\app\\Http\\Controllers\\KeringananController.php on line 32 at C:\\xampp\\htdocs\\simpadu-keuangan\\vendor\\zircote\\swagger-php\\src\\Loggers\\DefaultLogger.php:23)
[stacktrace]
#0 C:\\xampp\\htdocs\\simpadu-keuangan\\vendor\\laravel\\framework\\src\\Illuminate\\Foundation\\Bootstrap\\HandleExceptions.php(256): Illuminate\\Foundation\\Bootstrap\\HandleExceptions->handleError(512, '$ref \"#/compone...', 'C:\\\\xampp\\\\htdocs...', 23)
#1 [internal function]: Illuminate\\Foundation\\Bootstrap\\HandleExceptions->Illuminate\\Foundation\\Bootstrap\\{closure}(512, '$ref \"#/compone...', 'C:\\\\xampp\\\\htdocs...', 23)
#2 C:\\xampp\\htdocs\\simpadu-keuangan\\vendor\\zircote\\swagger-php\\src\\Loggers\\DefaultLogger.php(23): trigger_error('$ref \"#/compone...', 512)
#3 C:\\xampp\\htdocs\\simpadu-keuangan\\vendor\\psr\\log\\src\\LoggerTrait.php(61): OpenApi\\Loggers\\DefaultLogger->log('warning', '$ref \"#/compone...', Array)
#4 C:\\xampp\\htdocs\\simpadu-keuangan\\vendor\\zircote\\swagger-php\\src\\Annotations\\AbstractAnnotation.php(502): Psr\\Log\\AbstractLogger->warning('$ref \"#/compone...', Array)
#5 C:\\xampp\\htdocs\\simpadu-keuangan\\vendor\\zircote\\swagger-php\\src\\Annotations\\Schema.php(519): OpenApi\\Annotations\\AbstractAnnotation->validate(Array, Array, '#/paths/2/get/r...', Object(stdClass))
#6 C:\\xampp\\htdocs\\simpadu-keuangan\\vendor\\zircote\\swagger-php\\src\\Annotations\\Items.php(50): OpenApi\\Annotations\\Schema->validate(Array, Array, '#/paths/2/get/r...', Object(stdClass))
#7 C:\\xampp\\htdocs\\simpadu-keuangan\\vendor\\zircote\\swagger-php\\src\\Annotations\\AbstractAnnotation.php(583): OpenApi\\Annotations\\Items->validate(Array, Array, '#/paths/2/get/r...', Object(stdClass))
#8 C:\\xampp\\htdocs\\simpadu-keuangan\\vendor\\zircote\\swagger-php\\src\\Annotations\\AbstractAnnotation.php(556): OpenApi\\Annotations\\AbstractAnnotation::_validate(Object(OpenApi\\Annotations\\JsonContent), Array, Array, '#/paths/2/get/r...', Object(stdClass))
#9 C:\\xampp\\htdocs\\simpadu-keuangan\\vendor\\zircote\\swagger-php\\src\\Annotations\\Schema.php(519): OpenApi\\Annotations\\AbstractAnnotation->validate(Array, Array, '#/paths/2/get/r...', Object(stdClass))
#10 C:\\xampp\\htdocs\\simpadu-keuangan\\vendor\\zircote\\swagger-php\\src\\Annotations\\AbstractAnnotation.php(583): OpenApi\\Annotations\\Schema->validate(Array, Array, '#/paths/2/get/r...', Object(stdClass))
#11 C:\\xampp\\htdocs\\simpadu-keuangan\\vendor\\zircote\\swagger-php\\src\\Annotations\\AbstractAnnotation.php(556): OpenApi\\Annotations\\AbstractAnnotation::_validate(Object(OpenApi\\Annotations\\MediaType), Array, Array, '#/paths/2/get/r...', Object(stdClass))
#12 C:\\xampp\\htdocs\\simpadu-keuangan\\vendor\\zircote\\swagger-php\\src\\Annotations\\AbstractAnnotation.php(583): OpenApi\\Annotations\\AbstractAnnotation->validate(Array, Array, '#/paths/2/get/r...', Object(stdClass))
#13 C:\\xampp\\htdocs\\simpadu-keuangan\\vendor\\zircote\\swagger-php\\src\\Annotations\\AbstractAnnotation.php(589): OpenApi\\Annotations\\AbstractAnnotation::_validate(Array, Array, Array, '#/paths/2/get/r...', Object(stdClass))
#14 C:\\xampp\\htdocs\\simpadu-keuangan\\vendor\\zircote\\swagger-php\\src\\Annotations\\AbstractAnnotation.php(556): OpenApi\\Annotations\\AbstractAnnotation::_validate(Object(OpenApi\\Annotations\\Response), Array, Array, '#/paths/2/get/r...', Object(stdClass))
#15 C:\\xampp\\htdocs\\simpadu-keuangan\\vendor\\zircote\\swagger-php\\src\\Annotations\\Response.php(121): OpenApi\\Annotations\\AbstractAnnotation->validate(Array, Array, '#/paths/2/get/r...', Object(stdClass))
#16 C:\\xampp\\htdocs\\simpadu-keuangan\\vendor\\zircote\\swagger-php\\src\\Annotations\\AbstractAnnotation.php(583): OpenApi\\Annotations\\Response->validate(Array, Array, '#/paths/2/get/r...', Object(stdClass))
#17 C:\\xampp\\htdocs\\simpadu-keuangan\\vendor\\zircote\\swagger-php\\src\\Annotations\\AbstractAnnotation.php(589): OpenApi\\Annotations\\AbstractAnnotation::_validate(Array, Array, Array, '#/paths/2/get/r...', Object(stdClass))
#18 C:\\xampp\\htdocs\\simpadu-keuangan\\vendor\\zircote\\swagger-php\\src\\Annotations\\AbstractAnnotation.php(556): OpenApi\\Annotations\\AbstractAnnotation::_validate(Object(OpenApi\\Annotations\\Get), Array, Array, '#/paths/2/get', Object(stdClass))
#19 C:\\xampp\\htdocs\\simpadu-keuangan\\vendor\\zircote\\swagger-php\\src\\Annotations\\Operation.php(223): OpenApi\\Annotations\\AbstractAnnotation->validate(Array, Array, '#/paths/2/get', Object(stdClass))
#20 C:\\xampp\\htdocs\\simpadu-keuangan\\vendor\\zircote\\swagger-php\\src\\Annotations\\AbstractAnnotation.php(583): OpenApi\\Annotations\\Operation->validate(Array, Array, '#/paths/2/get', Object(stdClass))
#21 C:\\xampp\\htdocs\\simpadu-keuangan\\vendor\\zircote\\swagger-php\\src\\Annotations\\AbstractAnnotation.php(556): OpenApi\\Annotations\\AbstractAnnotation::_validate(Object(OpenApi\\Annotations\\PathItem), Array, Array, '#/paths/2', Object(stdClass))
#22 C:\\xampp\\htdocs\\simpadu-keuangan\\vendor\\zircote\\swagger-php\\src\\Annotations\\AbstractAnnotation.php(583): OpenApi\\Annotations\\AbstractAnnotation->validate(Array, Array, '#/paths/2', Object(stdClass))
#23 C:\\xampp\\htdocs\\simpadu-keuangan\\vendor\\zircote\\swagger-php\\src\\Annotations\\AbstractAnnotation.php(589): OpenApi\\Annotations\\AbstractAnnotation::_validate(Array, Array, Array, '#/paths', Object(stdClass))
#24 C:\\xampp\\htdocs\\simpadu-keuangan\\vendor\\zircote\\swagger-php\\src\\Annotations\\AbstractAnnotation.php(556): OpenApi\\Annotations\\AbstractAnnotation::_validate(Object(OpenApi\\Annotations\\OpenApi), Array, Array, '#', Object(stdClass))
#25 C:\\xampp\\htdocs\\simpadu-keuangan\\vendor\\zircote\\swagger-php\\src\\Annotations\\OpenApi.php(170): OpenApi\\Annotations\\AbstractAnnotation->validate(Array, Array, '#', Object(stdClass))
#26 C:\\xampp\\htdocs\\simpadu-keuangan\\vendor\\zircote\\swagger-php\\src\\Analysis.php(423): OpenApi\\Annotations\\OpenApi->validate()
#27 C:\\xampp\\htdocs\\simpadu-keuangan\\vendor\\zircote\\swagger-php\\src\\Generator.php(377): OpenApi\\Analysis->validate()
#28 C:\\xampp\\htdocs\\simpadu-keuangan\\vendor\\darkaonline\\l5-swagger\\src\\Generator.php(177): OpenApi\\Generator->generate(Object(Symfony\\Component\\Finder\\Finder), Object(OpenApi\\Analysis))
#29 C:\\xampp\\htdocs\\simpadu-keuangan\\vendor\\darkaonline\\l5-swagger\\src\\Generator.php(118): L5Swagger\\Generator->scanFilesForDocumentation()
#30 C:\\xampp\\htdocs\\simpadu-keuangan\\vendor\\darkaonline\\l5-swagger\\src\\Console\\GenerateDocsCommand.php(73): L5Swagger\\Generator->generateDocs()
#31 C:\\xampp\\htdocs\\simpadu-keuangan\\vendor\\darkaonline\\l5-swagger\\src\\Console\\GenerateDocsCommand.php(56): L5Swagger\\Console\\GenerateDocsCommand->generateDocumentation(Object(L5Swagger\\GeneratorFactory), 'default')
#32 C:\\xampp\\htdocs\\simpadu-keuangan\\vendor\\laravel\\framework\\src\\Illuminate\\Container\\BoundMethod.php(36): L5Swagger\\Console\\GenerateDocsCommand->handle(Object(L5Swagger\\GeneratorFactory))
#33 C:\\xampp\\htdocs\\simpadu-keuangan\\vendor\\laravel\\framework\\src\\Illuminate\\Container\\Util.php(43): Illuminate\\Container\\BoundMethod::Illuminate\\Container\\{closure}()
#34 C:\\xampp\\htdocs\\simpadu-keuangan\\vendor\\laravel\\framework\\src\\Illuminate\\Container\\BoundMethod.php(96): Illuminate\\Container\\Util::unwrapIfClosure(Object(Closure))
#35 C:\\xampp\\htdocs\\simpadu-keuangan\\vendor\\laravel\\framework\\src\\Illuminate\\Container\\BoundMethod.php(35): Illuminate\\Container\\BoundMethod::callBoundMethod(Object(Illuminate\\Foundation\\Application), Array, Object(Closure))
#36 C:\\xampp\\htdocs\\simpadu-keuangan\\vendor\\laravel\\framework\\src\\Illuminate\\Container\\Container.php(754): Illuminate\\Container\\BoundMethod::call(Object(Illuminate\\Foundation\\Application), Array, Array, NULL)
#37 C:\\xampp\\htdocs\\simpadu-keuangan\\vendor\\laravel\\framework\\src\\Illuminate\\Console\\Command.php(211): Illuminate\\Container\\Container->call(Array)
#38 C:\\xampp\\htdocs\\simpadu-keuangan\\vendor\\symfony\\console\\Command\\Command.php(279): Illuminate\\Console\\Command->execute(Object(Symfony\\Component\\Console\\Input\\ArgvInput), Object(Illuminate\\Console\\OutputStyle))
#39 C:\\xampp\\htdocs\\simpadu-keuangan\\vendor\\laravel\\framework\\src\\Illuminate\\Console\\Command.php(180): Symfony\\Component\\Console\\Command\\Command->run(Object(Symfony\\Component\\Console\\Input\\ArgvInput), Object(Illuminate\\Console\\OutputStyle))
#40 C:\\xampp\\htdocs\\simpadu-keuangan\\vendor\\symfony\\console\\Application.php(1094): Illuminate\\Console\\Command->run(Object(Symfony\\Component\\Console\\Input\\ArgvInput), Object(Symfony\\Component\\Console\\Output\\ConsoleOutput))
#41 C:\\xampp\\htdocs\\simpadu-keuangan\\vendor\\symfony\\console\\Application.php(342): Symfony\\Component\\Console\\Application->doRunCommand(Object(L5Swagger\\Console\\GenerateDocsCommand), Object(Symfony\\Component\\Console\\Input\\ArgvInput), Object(Symfony\\Component\\Console\\Output\\ConsoleOutput))
#42 C:\\xampp\\htdocs\\simpadu-keuangan\\vendor\\symfony\\console\\Application.php(193): Symfony\\Component\\Console\\Application->doRun(Object(Symfony\\Component\\Console\\Input\\ArgvInput), Object(Symfony\\Component\\Console\\Output\\ConsoleOutput))
#43 C:\\xampp\\htdocs\\simpadu-keuangan\\vendor\\laravel\\framework\\src\\Illuminate\\Foundation\\Console\\Kernel.php(197): Symfony\\Component\\Console\\Application->run(Object(Symfony\\Component\\Console\\Input\\ArgvInput), Object(Symfony\\Component\\Console\\Output\\ConsoleOutput))
#44 C:\\xampp\\htdocs\\simpadu-keuangan\\vendor\\laravel\\framework\\src\\Illuminate\\Foundation\\Application.php(1234): Illuminate\\Foundation\\Console\\Kernel->handle(Object(Symfony\\Component\\Console\\Input\\ArgvInput), Object(Symfony\\Component\\Console\\Output\\ConsoleOutput))
#45 C:\\xampp\\htdocs\\simpadu-keuangan\\artisan(16): Illuminate\\Foundation\\Application->handleCommand(Object(Symfony\\Component\\Console\\Input\\ArgvInput))
#46 {main}
"} 
[2025-05-01 08:29:46] local.ERROR: $ref "#/components/schemas/Keringanan" not found for @OA\Items() in \App\Http\Controllers\KeringananController->index() in C:\xampp\htdocs\simpadu-keuangan\app\Http\Controllers\KeringananController.php on line 32 {"exception":"[object] (ErrorException(code: 0): $ref \"#/components/schemas/Keringanan\" not found for @OA\\Items() in \\App\\Http\\Controllers\\KeringananController->index() in C:\\xampp\\htdocs\\simpadu-keuangan\\app\\Http\\Controllers\\KeringananController.php on line 32 at C:\\xampp\\htdocs\\simpadu-keuangan\\vendor\\zircote\\swagger-php\\src\\Loggers\\DefaultLogger.php:23)
[stacktrace]
#0 C:\\xampp\\htdocs\\simpadu-keuangan\\vendor\\laravel\\framework\\src\\Illuminate\\Foundation\\Bootstrap\\HandleExceptions.php(256): Illuminate\\Foundation\\Bootstrap\\HandleExceptions->handleError(512, '$ref \"#/compone...', 'C:\\\\xampp\\\\htdocs...', 23)
#1 [internal function]: Illuminate\\Foundation\\Bootstrap\\HandleExceptions->Illuminate\\Foundation\\Bootstrap\\{closure}(512, '$ref \"#/compone...', 'C:\\\\xampp\\\\htdocs...', 23)
#2 C:\\xampp\\htdocs\\simpadu-keuangan\\vendor\\zircote\\swagger-php\\src\\Loggers\\DefaultLogger.php(23): trigger_error('$ref \"#/compone...', 512)
#3 C:\\xampp\\htdocs\\simpadu-keuangan\\vendor\\psr\\log\\src\\LoggerTrait.php(61): OpenApi\\Loggers\\DefaultLogger->log('warning', '$ref \"#/compone...', Array)
#4 C:\\xampp\\htdocs\\simpadu-keuangan\\vendor\\zircote\\swagger-php\\src\\Annotations\\AbstractAnnotation.php(502): Psr\\Log\\AbstractLogger->warning('$ref \"#/compone...', Array)
#5 C:\\xampp\\htdocs\\simpadu-keuangan\\vendor\\zircote\\swagger-php\\src\\Annotations\\Schema.php(519): OpenApi\\Annotations\\AbstractAnnotation->validate(Array, Array, '#/paths/2/get/r...', Object(stdClass))
#6 C:\\xampp\\htdocs\\simpadu-keuangan\\vendor\\zircote\\swagger-php\\src\\Annotations\\Items.php(50): OpenApi\\Annotations\\Schema->validate(Array, Array, '#/paths/2/get/r...', Object(stdClass))
#7 C:\\xampp\\htdocs\\simpadu-keuangan\\vendor\\zircote\\swagger-php\\src\\Annotations\\AbstractAnnotation.php(583): OpenApi\\Annotations\\Items->validate(Array, Array, '#/paths/2/get/r...', Object(stdClass))
#8 C:\\xampp\\htdocs\\simpadu-keuangan\\vendor\\zircote\\swagger-php\\src\\Annotations\\AbstractAnnotation.php(556): OpenApi\\Annotations\\AbstractAnnotation::_validate(Object(OpenApi\\Annotations\\JsonContent), Array, Array, '#/paths/2/get/r...', Object(stdClass))
#9 C:\\xampp\\htdocs\\simpadu-keuangan\\vendor\\zircote\\swagger-php\\src\\Annotations\\Schema.php(519): OpenApi\\Annotations\\AbstractAnnotation->validate(Array, Array, '#/paths/2/get/r...', Object(stdClass))
#10 C:\\xampp\\htdocs\\simpadu-keuangan\\vendor\\zircote\\swagger-php\\src\\Annotations\\AbstractAnnotation.php(583): OpenApi\\Annotations\\Schema->validate(Array, Array, '#/paths/2/get/r...', Object(stdClass))
#11 C:\\xampp\\htdocs\\simpadu-keuangan\\vendor\\zircote\\swagger-php\\src\\Annotations\\AbstractAnnotation.php(556): OpenApi\\Annotations\\AbstractAnnotation::_validate(Object(OpenApi\\Annotations\\MediaType), Array, Array, '#/paths/2/get/r...', Object(stdClass))
#12 C:\\xampp\\htdocs\\simpadu-keuangan\\vendor\\zircote\\swagger-php\\src\\Annotations\\AbstractAnnotation.php(583): OpenApi\\Annotations\\AbstractAnnotation->validate(Array, Array, '#/paths/2/get/r...', Object(stdClass))
#13 C:\\xampp\\htdocs\\simpadu-keuangan\\vendor\\zircote\\swagger-php\\src\\Annotations\\AbstractAnnotation.php(589): OpenApi\\Annotations\\AbstractAnnotation::_validate(Array, Array, Array, '#/paths/2/get/r...', Object(stdClass))
#14 C:\\xampp\\htdocs\\simpadu-keuangan\\vendor\\zircote\\swagger-php\\src\\Annotations\\AbstractAnnotation.php(556): OpenApi\\Annotations\\AbstractAnnotation::_validate(Object(OpenApi\\Annotations\\Response), Array, Array, '#/paths/2/get/r...', Object(stdClass))
#15 C:\\xampp\\htdocs\\simpadu-keuangan\\vendor\\zircote\\swagger-php\\src\\Annotations\\Response.php(121): OpenApi\\Annotations\\AbstractAnnotation->validate(Array, Array, '#/paths/2/get/r...', Object(stdClass))
#16 C:\\xampp\\htdocs\\simpadu-keuangan\\vendor\\zircote\\swagger-php\\src\\Annotations\\AbstractAnnotation.php(583): OpenApi\\Annotations\\Response->validate(Array, Array, '#/paths/2/get/r...', Object(stdClass))
#17 C:\\xampp\\htdocs\\simpadu-keuangan\\vendor\\zircote\\swagger-php\\src\\Annotations\\AbstractAnnotation.php(589): OpenApi\\Annotations\\AbstractAnnotation::_validate(Array, Array, Array, '#/paths/2/get/r...', Object(stdClass))
#18 C:\\xampp\\htdocs\\simpadu-keuangan\\vendor\\zircote\\swagger-php\\src\\Annotations\\AbstractAnnotation.php(556): OpenApi\\Annotations\\AbstractAnnotation::_validate(Object(OpenApi\\Annotations\\Get), Array, Array, '#/paths/2/get', Object(stdClass))
#19 C:\\xampp\\htdocs\\simpadu-keuangan\\vendor\\zircote\\swagger-php\\src\\Annotations\\Operation.php(223): OpenApi\\Annotations\\AbstractAnnotation->validate(Array, Array, '#/paths/2/get', Object(stdClass))
#20 C:\\xampp\\htdocs\\simpadu-keuangan\\vendor\\zircote\\swagger-php\\src\\Annotations\\AbstractAnnotation.php(583): OpenApi\\Annotations\\Operation->validate(Array, Array, '#/paths/2/get', Object(stdClass))
#21 C:\\xampp\\htdocs\\simpadu-keuangan\\vendor\\zircote\\swagger-php\\src\\Annotations\\AbstractAnnotation.php(556): OpenApi\\Annotations\\AbstractAnnotation::_validate(Object(OpenApi\\Annotations\\PathItem), Array, Array, '#/paths/2', Object(stdClass))
#22 C:\\xampp\\htdocs\\simpadu-keuangan\\vendor\\zircote\\swagger-php\\src\\Annotations\\AbstractAnnotation.php(583): OpenApi\\Annotations\\AbstractAnnotation->validate(Array, Array, '#/paths/2', Object(stdClass))
#23 C:\\xampp\\htdocs\\simpadu-keuangan\\vendor\\zircote\\swagger-php\\src\\Annotations\\AbstractAnnotation.php(589): OpenApi\\Annotations\\AbstractAnnotation::_validate(Array, Array, Array, '#/paths', Object(stdClass))
#24 C:\\xampp\\htdocs\\simpadu-keuangan\\vendor\\zircote\\swagger-php\\src\\Annotations\\AbstractAnnotation.php(556): OpenApi\\Annotations\\AbstractAnnotation::_validate(Object(OpenApi\\Annotations\\OpenApi), Array, Array, '#', Object(stdClass))
#25 C:\\xampp\\htdocs\\simpadu-keuangan\\vendor\\zircote\\swagger-php\\src\\Annotations\\OpenApi.php(170): OpenApi\\Annotations\\AbstractAnnotation->validate(Array, Array, '#', Object(stdClass))
#26 C:\\xampp\\htdocs\\simpadu-keuangan\\vendor\\zircote\\swagger-php\\src\\Analysis.php(423): OpenApi\\Annotations\\OpenApi->validate()
#27 C:\\xampp\\htdocs\\simpadu-keuangan\\vendor\\zircote\\swagger-php\\src\\Generator.php(377): OpenApi\\Analysis->validate()
#28 C:\\xampp\\htdocs\\simpadu-keuangan\\vendor\\darkaonline\\l5-swagger\\src\\Generator.php(177): OpenApi\\Generator->generate(Object(Symfony\\Component\\Finder\\Finder), Object(OpenApi\\Analysis))
#29 C:\\xampp\\htdocs\\simpadu-keuangan\\vendor\\darkaonline\\l5-swagger\\src\\Generator.php(118): L5Swagger\\Generator->scanFilesForDocumentation()
#30 C:\\xampp\\htdocs\\simpadu-keuangan\\vendor\\darkaonline\\l5-swagger\\src\\Console\\GenerateDocsCommand.php(73): L5Swagger\\Generator->generateDocs()
#31 C:\\xampp\\htdocs\\simpadu-keuangan\\vendor\\darkaonline\\l5-swagger\\src\\Console\\GenerateDocsCommand.php(56): L5Swagger\\Console\\GenerateDocsCommand->generateDocumentation(Object(L5Swagger\\GeneratorFactory), 'default')
#32 C:\\xampp\\htdocs\\simpadu-keuangan\\vendor\\laravel\\framework\\src\\Illuminate\\Container\\BoundMethod.php(36): L5Swagger\\Console\\GenerateDocsCommand->handle(Object(L5Swagger\\GeneratorFactory))
#33 C:\\xampp\\htdocs\\simpadu-keuangan\\vendor\\laravel\\framework\\src\\Illuminate\\Container\\Util.php(43): Illuminate\\Container\\BoundMethod::Illuminate\\Container\\{closure}()
#34 C:\\xampp\\htdocs\\simpadu-keuangan\\vendor\\laravel\\framework\\src\\Illuminate\\Container\\BoundMethod.php(96): Illuminate\\Container\\Util::unwrapIfClosure(Object(Closure))
#35 C:\\xampp\\htdocs\\simpadu-keuangan\\vendor\\laravel\\framework\\src\\Illuminate\\Container\\BoundMethod.php(35): Illuminate\\Container\\BoundMethod::callBoundMethod(Object(Illuminate\\Foundation\\Application), Array, Object(Closure))
#36 C:\\xampp\\htdocs\\simpadu-keuangan\\vendor\\laravel\\framework\\src\\Illuminate\\Container\\Container.php(754): Illuminate\\Container\\BoundMethod::call(Object(Illuminate\\Foundation\\Application), Array, Array, NULL)
#37 C:\\xampp\\htdocs\\simpadu-keuangan\\vendor\\laravel\\framework\\src\\Illuminate\\Console\\Command.php(211): Illuminate\\Container\\Container->call(Array)
#38 C:\\xampp\\htdocs\\simpadu-keuangan\\vendor\\symfony\\console\\Command\\Command.php(279): Illuminate\\Console\\Command->execute(Object(Symfony\\Component\\Console\\Input\\ArgvInput), Object(Illuminate\\Console\\OutputStyle))
#39 C:\\xampp\\htdocs\\simpadu-keuangan\\vendor\\laravel\\framework\\src\\Illuminate\\Console\\Command.php(180): Symfony\\Component\\Console\\Command\\Command->run(Object(Symfony\\Component\\Console\\Input\\ArgvInput), Object(Illuminate\\Console\\OutputStyle))
#40 C:\\xampp\\htdocs\\simpadu-keuangan\\vendor\\symfony\\console\\Application.php(1094): Illuminate\\Console\\Command->run(Object(Symfony\\Component\\Console\\Input\\ArgvInput), Object(Symfony\\Component\\Console\\Output\\ConsoleOutput))
#41 C:\\xampp\\htdocs\\simpadu-keuangan\\vendor\\symfony\\console\\Application.php(342): Symfony\\Component\\Console\\Application->doRunCommand(Object(L5Swagger\\Console\\GenerateDocsCommand), Object(Symfony\\Component\\Console\\Input\\ArgvInput), Object(Symfony\\Component\\Console\\Output\\ConsoleOutput))
#42 C:\\xampp\\htdocs\\simpadu-keuangan\\vendor\\symfony\\console\\Application.php(193): Symfony\\Component\\Console\\Application->doRun(Object(Symfony\\Component\\Console\\Input\\ArgvInput), Object(Symfony\\Component\\Console\\Output\\ConsoleOutput))
#43 C:\\xampp\\htdocs\\simpadu-keuangan\\vendor\\laravel\\framework\\src\\Illuminate\\Foundation\\Console\\Kernel.php(197): Symfony\\Component\\Console\\Application->run(Object(Symfony\\Component\\Console\\Input\\ArgvInput), Object(Symfony\\Component\\Console\\Output\\ConsoleOutput))
#44 C:\\xampp\\htdocs\\simpadu-keuangan\\vendor\\laravel\\framework\\src\\Illuminate\\Foundation\\Application.php(1234): Illuminate\\Foundation\\Console\\Kernel->handle(Object(Symfony\\Component\\Console\\Input\\ArgvInput), Object(Symfony\\Component\\Console\\Output\\ConsoleOutput))
#45 C:\\xampp\\htdocs\\simpadu-keuangan\\artisan(16): Illuminate\\Foundation\\Application->handleCommand(Object(Symfony\\Component\\Console\\Input\\ArgvInput))
#46 {main}
"} 
[2025-05-01 08:32:34] local.ERROR: $ref "#/components/schemas/Keringanan" not found for @OA\Items() in \App\Http\Controllers\KeringananController->index() in C:\xampp\htdocs\simpadu-keuangan\app\Http\Controllers\KeringananController.php on line 30 {"exception":"[object] (ErrorException(code: 0): $ref \"#/components/schemas/Keringanan\" not found for @OA\\Items() in \\App\\Http\\Controllers\\KeringananController->index() in C:\\xampp\\htdocs\\simpadu-keuangan\\app\\Http\\Controllers\\KeringananController.php on line 30 at C:\\xampp\\htdocs\\simpadu-keuangan\\vendor\\zircote\\swagger-php\\src\\Loggers\\DefaultLogger.php:23)
[stacktrace]
#0 C:\\xampp\\htdocs\\simpadu-keuangan\\vendor\\laravel\\framework\\src\\Illuminate\\Foundation\\Bootstrap\\HandleExceptions.php(256): Illuminate\\Foundation\\Bootstrap\\HandleExceptions->handleError(512, '$ref \"#/compone...', 'C:\\\\xampp\\\\htdocs...', 23)
#1 [internal function]: Illuminate\\Foundation\\Bootstrap\\HandleExceptions->Illuminate\\Foundation\\Bootstrap\\{closure}(512, '$ref \"#/compone...', 'C:\\\\xampp\\\\htdocs...', 23)
#2 C:\\xampp\\htdocs\\simpadu-keuangan\\vendor\\zircote\\swagger-php\\src\\Loggers\\DefaultLogger.php(23): trigger_error('$ref \"#/compone...', 512)
#3 C:\\xampp\\htdocs\\simpadu-keuangan\\vendor\\psr\\log\\src\\LoggerTrait.php(61): OpenApi\\Loggers\\DefaultLogger->log('warning', '$ref \"#/compone...', Array)
#4 C:\\xampp\\htdocs\\simpadu-keuangan\\vendor\\zircote\\swagger-php\\src\\Annotations\\AbstractAnnotation.php(502): Psr\\Log\\AbstractLogger->warning('$ref \"#/compone...', Array)
#5 C:\\xampp\\htdocs\\simpadu-keuangan\\vendor\\zircote\\swagger-php\\src\\Annotations\\Schema.php(519): OpenApi\\Annotations\\AbstractAnnotation->validate(Array, Array, '#/paths/2/get/r...', Object(stdClass))
#6 C:\\xampp\\htdocs\\simpadu-keuangan\\vendor\\zircote\\swagger-php\\src\\Annotations\\Items.php(50): OpenApi\\Annotations\\Schema->validate(Array, Array, '#/paths/2/get/r...', Object(stdClass))
#7 C:\\xampp\\htdocs\\simpadu-keuangan\\vendor\\zircote\\swagger-php\\src\\Annotations\\AbstractAnnotation.php(583): OpenApi\\Annotations\\Items->validate(Array, Array, '#/paths/2/get/r...', Object(stdClass))
#8 C:\\xampp\\htdocs\\simpadu-keuangan\\vendor\\zircote\\swagger-php\\src\\Annotations\\AbstractAnnotation.php(556): OpenApi\\Annotations\\AbstractAnnotation::_validate(Object(OpenApi\\Annotations\\JsonContent), Array, Array, '#/paths/2/get/r...', Object(stdClass))
#9 C:\\xampp\\htdocs\\simpadu-keuangan\\vendor\\zircote\\swagger-php\\src\\Annotations\\Schema.php(519): OpenApi\\Annotations\\AbstractAnnotation->validate(Array, Array, '#/paths/2/get/r...', Object(stdClass))
#10 C:\\xampp\\htdocs\\simpadu-keuangan\\vendor\\zircote\\swagger-php\\src\\Annotations\\AbstractAnnotation.php(583): OpenApi\\Annotations\\Schema->validate(Array, Array, '#/paths/2/get/r...', Object(stdClass))
#11 C:\\xampp\\htdocs\\simpadu-keuangan\\vendor\\zircote\\swagger-php\\src\\Annotations\\AbstractAnnotation.php(556): OpenApi\\Annotations\\AbstractAnnotation::_validate(Object(OpenApi\\Annotations\\MediaType), Array, Array, '#/paths/2/get/r...', Object(stdClass))
#12 C:\\xampp\\htdocs\\simpadu-keuangan\\vendor\\zircote\\swagger-php\\src\\Annotations\\AbstractAnnotation.php(583): OpenApi\\Annotations\\AbstractAnnotation->validate(Array, Array, '#/paths/2/get/r...', Object(stdClass))
#13 C:\\xampp\\htdocs\\simpadu-keuangan\\vendor\\zircote\\swagger-php\\src\\Annotations\\AbstractAnnotation.php(589): OpenApi\\Annotations\\AbstractAnnotation::_validate(Array, Array, Array, '#/paths/2/get/r...', Object(stdClass))
#14 C:\\xampp\\htdocs\\simpadu-keuangan\\vendor\\zircote\\swagger-php\\src\\Annotations\\AbstractAnnotation.php(556): OpenApi\\Annotations\\AbstractAnnotation::_validate(Object(OpenApi\\Annotations\\Response), Array, Array, '#/paths/2/get/r...', Object(stdClass))
#15 C:\\xampp\\htdocs\\simpadu-keuangan\\vendor\\zircote\\swagger-php\\src\\Annotations\\Response.php(121): OpenApi\\Annotations\\AbstractAnnotation->validate(Array, Array, '#/paths/2/get/r...', Object(stdClass))
#16 C:\\xampp\\htdocs\\simpadu-keuangan\\vendor\\zircote\\swagger-php\\src\\Annotations\\AbstractAnnotation.php(583): OpenApi\\Annotations\\Response->validate(Array, Array, '#/paths/2/get/r...', Object(stdClass))
#17 C:\\xampp\\htdocs\\simpadu-keuangan\\vendor\\zircote\\swagger-php\\src\\Annotations\\AbstractAnnotation.php(589): OpenApi\\Annotations\\AbstractAnnotation::_validate(Array, Array, Array, '#/paths/2/get/r...', Object(stdClass))
#18 C:\\xampp\\htdocs\\simpadu-keuangan\\vendor\\zircote\\swagger-php\\src\\Annotations\\AbstractAnnotation.php(556): OpenApi\\Annotations\\AbstractAnnotation::_validate(Object(OpenApi\\Annotations\\Get), Array, Array, '#/paths/2/get', Object(stdClass))
#19 C:\\xampp\\htdocs\\simpadu-keuangan\\vendor\\zircote\\swagger-php\\src\\Annotations\\Operation.php(223): OpenApi\\Annotations\\AbstractAnnotation->validate(Array, Array, '#/paths/2/get', Object(stdClass))
#20 C:\\xampp\\htdocs\\simpadu-keuangan\\vendor\\zircote\\swagger-php\\src\\Annotations\\AbstractAnnotation.php(583): OpenApi\\Annotations\\Operation->validate(Array, Array, '#/paths/2/get', Object(stdClass))
#21 C:\\xampp\\htdocs\\simpadu-keuangan\\vendor\\zircote\\swagger-php\\src\\Annotations\\AbstractAnnotation.php(556): OpenApi\\Annotations\\AbstractAnnotation::_validate(Object(OpenApi\\Annotations\\PathItem), Array, Array, '#/paths/2', Object(stdClass))
#22 C:\\xampp\\htdocs\\simpadu-keuangan\\vendor\\zircote\\swagger-php\\src\\Annotations\\AbstractAnnotation.php(583): OpenApi\\Annotations\\AbstractAnnotation->validate(Array, Array, '#/paths/2', Object(stdClass))
#23 C:\\xampp\\htdocs\\simpadu-keuangan\\vendor\\zircote\\swagger-php\\src\\Annotations\\AbstractAnnotation.php(589): OpenApi\\Annotations\\AbstractAnnotation::_validate(Array, Array, Array, '#/paths', Object(stdClass))
#24 C:\\xampp\\htdocs\\simpadu-keuangan\\vendor\\zircote\\swagger-php\\src\\Annotations\\AbstractAnnotation.php(556): OpenApi\\Annotations\\AbstractAnnotation::_validate(Object(OpenApi\\Annotations\\OpenApi), Array, Array, '#', Object(stdClass))
#25 C:\\xampp\\htdocs\\simpadu-keuangan\\vendor\\zircote\\swagger-php\\src\\Annotations\\OpenApi.php(170): OpenApi\\Annotations\\AbstractAnnotation->validate(Array, Array, '#', Object(stdClass))
#26 C:\\xampp\\htdocs\\simpadu-keuangan\\vendor\\zircote\\swagger-php\\src\\Analysis.php(423): OpenApi\\Annotations\\OpenApi->validate()
#27 C:\\xampp\\htdocs\\simpadu-keuangan\\vendor\\zircote\\swagger-php\\src\\Generator.php(377): OpenApi\\Analysis->validate()
#28 C:\\xampp\\htdocs\\simpadu-keuangan\\vendor\\darkaonline\\l5-swagger\\src\\Generator.php(177): OpenApi\\Generator->generate(Object(Symfony\\Component\\Finder\\Finder), Object(OpenApi\\Analysis))
#29 C:\\xampp\\htdocs\\simpadu-keuangan\\vendor\\darkaonline\\l5-swagger\\src\\Generator.php(118): L5Swagger\\Generator->scanFilesForDocumentation()
#30 C:\\xampp\\htdocs\\simpadu-keuangan\\vendor\\darkaonline\\l5-swagger\\src\\Console\\GenerateDocsCommand.php(73): L5Swagger\\Generator->generateDocs()
#31 C:\\xampp\\htdocs\\simpadu-keuangan\\vendor\\darkaonline\\l5-swagger\\src\\Console\\GenerateDocsCommand.php(56): L5Swagger\\Console\\GenerateDocsCommand->generateDocumentation(Object(L5Swagger\\GeneratorFactory), 'default')
#32 C:\\xampp\\htdocs\\simpadu-keuangan\\vendor\\laravel\\framework\\src\\Illuminate\\Container\\BoundMethod.php(36): L5Swagger\\Console\\GenerateDocsCommand->handle(Object(L5Swagger\\GeneratorFactory))
#33 C:\\xampp\\htdocs\\simpadu-keuangan\\vendor\\laravel\\framework\\src\\Illuminate\\Container\\Util.php(43): Illuminate\\Container\\BoundMethod::Illuminate\\Container\\{closure}()
#34 C:\\xampp\\htdocs\\simpadu-keuangan\\vendor\\laravel\\framework\\src\\Illuminate\\Container\\BoundMethod.php(96): Illuminate\\Container\\Util::unwrapIfClosure(Object(Closure))
#35 C:\\xampp\\htdocs\\simpadu-keuangan\\vendor\\laravel\\framework\\src\\Illuminate\\Container\\BoundMethod.php(35): Illuminate\\Container\\BoundMethod::callBoundMethod(Object(Illuminate\\Foundation\\Application), Array, Object(Closure))
#36 C:\\xampp\\htdocs\\simpadu-keuangan\\vendor\\laravel\\framework\\src\\Illuminate\\Container\\Container.php(754): Illuminate\\Container\\BoundMethod::call(Object(Illuminate\\Foundation\\Application), Array, Array, NULL)
#37 C:\\xampp\\htdocs\\simpadu-keuangan\\vendor\\laravel\\framework\\src\\Illuminate\\Console\\Command.php(211): Illuminate\\Container\\Container->call(Array)
#38 C:\\xampp\\htdocs\\simpadu-keuangan\\vendor\\symfony\\console\\Command\\Command.php(279): Illuminate\\Console\\Command->execute(Object(Symfony\\Component\\Console\\Input\\ArgvInput), Object(Illuminate\\Console\\OutputStyle))
#39 C:\\xampp\\htdocs\\simpadu-keuangan\\vendor\\laravel\\framework\\src\\Illuminate\\Console\\Command.php(180): Symfony\\Component\\Console\\Command\\Command->run(Object(Symfony\\Component\\Console\\Input\\ArgvInput), Object(Illuminate\\Console\\OutputStyle))
#40 C:\\xampp\\htdocs\\simpadu-keuangan\\vendor\\symfony\\console\\Application.php(1094): Illuminate\\Console\\Command->run(Object(Symfony\\Component\\Console\\Input\\ArgvInput), Object(Symfony\\Component\\Console\\Output\\ConsoleOutput))
#41 C:\\xampp\\htdocs\\simpadu-keuangan\\vendor\\symfony\\console\\Application.php(342): Symfony\\Component\\Console\\Application->doRunCommand(Object(L5Swagger\\Console\\GenerateDocsCommand), Object(Symfony\\Component\\Console\\Input\\ArgvInput), Object(Symfony\\Component\\Console\\Output\\ConsoleOutput))
#42 C:\\xampp\\htdocs\\simpadu-keuangan\\vendor\\symfony\\console\\Application.php(193): Symfony\\Component\\Console\\Application->doRun(Object(Symfony\\Component\\Console\\Input\\ArgvInput), Object(Symfony\\Component\\Console\\Output\\ConsoleOutput))
#43 C:\\xampp\\htdocs\\simpadu-keuangan\\vendor\\laravel\\framework\\src\\Illuminate\\Foundation\\Console\\Kernel.php(197): Symfony\\Component\\Console\\Application->run(Object(Symfony\\Component\\Console\\Input\\ArgvInput), Object(Symfony\\Component\\Console\\Output\\ConsoleOutput))
#44 C:\\xampp\\htdocs\\simpadu-keuangan\\vendor\\laravel\\framework\\src\\Illuminate\\Foundation\\Application.php(1234): Illuminate\\Foundation\\Console\\Kernel->handle(Object(Symfony\\Component\\Console\\Input\\ArgvInput), Object(Symfony\\Component\\Console\\Output\\ConsoleOutput))
#45 C:\\xampp\\htdocs\\simpadu-keuangan\\artisan(16): Illuminate\\Foundation\\Application->handleCommand(Object(Symfony\\Component\\Console\\Input\\ArgvInput))
#46 {main}
"} 
[2025-05-01 08:33:46] local.ERROR: $ref "#/components/schemas/Keringanan" not found for @OA\Items() in \App\Http\Controllers\KeringananController->index() in C:\xampp\htdocs\simpadu-keuangan\app\Http\Controllers\KeringananController.php on line 30 {"exception":"[object] (ErrorException(code: 0): $ref \"#/components/schemas/Keringanan\" not found for @OA\\Items() in \\App\\Http\\Controllers\\KeringananController->index() in C:\\xampp\\htdocs\\simpadu-keuangan\\app\\Http\\Controllers\\KeringananController.php on line 30 at C:\\xampp\\htdocs\\simpadu-keuangan\\vendor\\zircote\\swagger-php\\src\\Loggers\\DefaultLogger.php:23)
[stacktrace]
#0 C:\\xampp\\htdocs\\simpadu-keuangan\\vendor\\laravel\\framework\\src\\Illuminate\\Foundation\\Bootstrap\\HandleExceptions.php(256): Illuminate\\Foundation\\Bootstrap\\HandleExceptions->handleError(512, '$ref \"#/compone...', 'C:\\\\xampp\\\\htdocs...', 23)
#1 [internal function]: Illuminate\\Foundation\\Bootstrap\\HandleExceptions->Illuminate\\Foundation\\Bootstrap\\{closure}(512, '$ref \"#/compone...', 'C:\\\\xampp\\\\htdocs...', 23)
#2 C:\\xampp\\htdocs\\simpadu-keuangan\\vendor\\zircote\\swagger-php\\src\\Loggers\\DefaultLogger.php(23): trigger_error('$ref \"#/compone...', 512)
#3 C:\\xampp\\htdocs\\simpadu-keuangan\\vendor\\psr\\log\\src\\LoggerTrait.php(61): OpenApi\\Loggers\\DefaultLogger->log('warning', '$ref \"#/compone...', Array)
#4 C:\\xampp\\htdocs\\simpadu-keuangan\\vendor\\zircote\\swagger-php\\src\\Annotations\\AbstractAnnotation.php(502): Psr\\Log\\AbstractLogger->warning('$ref \"#/compone...', Array)
#5 C:\\xampp\\htdocs\\simpadu-keuangan\\vendor\\zircote\\swagger-php\\src\\Annotations\\Schema.php(519): OpenApi\\Annotations\\AbstractAnnotation->validate(Array, Array, '#/paths/2/get/r...', Object(stdClass))
#6 C:\\xampp\\htdocs\\simpadu-keuangan\\vendor\\zircote\\swagger-php\\src\\Annotations\\Items.php(50): OpenApi\\Annotations\\Schema->validate(Array, Array, '#/paths/2/get/r...', Object(stdClass))
#7 C:\\xampp\\htdocs\\simpadu-keuangan\\vendor\\zircote\\swagger-php\\src\\Annotations\\AbstractAnnotation.php(583): OpenApi\\Annotations\\Items->validate(Array, Array, '#/paths/2/get/r...', Object(stdClass))
#8 C:\\xampp\\htdocs\\simpadu-keuangan\\vendor\\zircote\\swagger-php\\src\\Annotations\\AbstractAnnotation.php(556): OpenApi\\Annotations\\AbstractAnnotation::_validate(Object(OpenApi\\Annotations\\JsonContent), Array, Array, '#/paths/2/get/r...', Object(stdClass))
#9 C:\\xampp\\htdocs\\simpadu-keuangan\\vendor\\zircote\\swagger-php\\src\\Annotations\\Schema.php(519): OpenApi\\Annotations\\AbstractAnnotation->validate(Array, Array, '#/paths/2/get/r...', Object(stdClass))
#10 C:\\xampp\\htdocs\\simpadu-keuangan\\vendor\\zircote\\swagger-php\\src\\Annotations\\AbstractAnnotation.php(583): OpenApi\\Annotations\\Schema->validate(Array, Array, '#/paths/2/get/r...', Object(stdClass))
#11 C:\\xampp\\htdocs\\simpadu-keuangan\\vendor\\zircote\\swagger-php\\src\\Annotations\\AbstractAnnotation.php(556): OpenApi\\Annotations\\AbstractAnnotation::_validate(Object(OpenApi\\Annotations\\MediaType), Array, Array, '#/paths/2/get/r...', Object(stdClass))
#12 C:\\xampp\\htdocs\\simpadu-keuangan\\vendor\\zircote\\swagger-php\\src\\Annotations\\AbstractAnnotation.php(583): OpenApi\\Annotations\\AbstractAnnotation->validate(Array, Array, '#/paths/2/get/r...', Object(stdClass))
#13 C:\\xampp\\htdocs\\simpadu-keuangan\\vendor\\zircote\\swagger-php\\src\\Annotations\\AbstractAnnotation.php(589): OpenApi\\Annotations\\AbstractAnnotation::_validate(Array, Array, Array, '#/paths/2/get/r...', Object(stdClass))
#14 C:\\xampp\\htdocs\\simpadu-keuangan\\vendor\\zircote\\swagger-php\\src\\Annotations\\AbstractAnnotation.php(556): OpenApi\\Annotations\\AbstractAnnotation::_validate(Object(OpenApi\\Annotations\\Response), Array, Array, '#/paths/2/get/r...', Object(stdClass))
#15 C:\\xampp\\htdocs\\simpadu-keuangan\\vendor\\zircote\\swagger-php\\src\\Annotations\\Response.php(121): OpenApi\\Annotations\\AbstractAnnotation->validate(Array, Array, '#/paths/2/get/r...', Object(stdClass))
#16 C:\\xampp\\htdocs\\simpadu-keuangan\\vendor\\zircote\\swagger-php\\src\\Annotations\\AbstractAnnotation.php(583): OpenApi\\Annotations\\Response->validate(Array, Array, '#/paths/2/get/r...', Object(stdClass))
#17 C:\\xampp\\htdocs\\simpadu-keuangan\\vendor\\zircote\\swagger-php\\src\\Annotations\\AbstractAnnotation.php(589): OpenApi\\Annotations\\AbstractAnnotation::_validate(Array, Array, Array, '#/paths/2/get/r...', Object(stdClass))
#18 C:\\xampp\\htdocs\\simpadu-keuangan\\vendor\\zircote\\swagger-php\\src\\Annotations\\AbstractAnnotation.php(556): OpenApi\\Annotations\\AbstractAnnotation::_validate(Object(OpenApi\\Annotations\\Get), Array, Array, '#/paths/2/get', Object(stdClass))
#19 C:\\xampp\\htdocs\\simpadu-keuangan\\vendor\\zircote\\swagger-php\\src\\Annotations\\Operation.php(223): OpenApi\\Annotations\\AbstractAnnotation->validate(Array, Array, '#/paths/2/get', Object(stdClass))
#20 C:\\xampp\\htdocs\\simpadu-keuangan\\vendor\\zircote\\swagger-php\\src\\Annotations\\AbstractAnnotation.php(583): OpenApi\\Annotations\\Operation->validate(Array, Array, '#/paths/2/get', Object(stdClass))
#21 C:\\xampp\\htdocs\\simpadu-keuangan\\vendor\\zircote\\swagger-php\\src\\Annotations\\AbstractAnnotation.php(556): OpenApi\\Annotations\\AbstractAnnotation::_validate(Object(OpenApi\\Annotations\\PathItem), Array, Array, '#/paths/2', Object(stdClass))
#22 C:\\xampp\\htdocs\\simpadu-keuangan\\vendor\\zircote\\swagger-php\\src\\Annotations\\AbstractAnnotation.php(583): OpenApi\\Annotations\\AbstractAnnotation->validate(Array, Array, '#/paths/2', Object(stdClass))
#23 C:\\xampp\\htdocs\\simpadu-keuangan\\vendor\\zircote\\swagger-php\\src\\Annotations\\AbstractAnnotation.php(589): OpenApi\\Annotations\\AbstractAnnotation::_validate(Array, Array, Array, '#/paths', Object(stdClass))
#24 C:\\xampp\\htdocs\\simpadu-keuangan\\vendor\\zircote\\swagger-php\\src\\Annotations\\AbstractAnnotation.php(556): OpenApi\\Annotations\\AbstractAnnotation::_validate(Object(OpenApi\\Annotations\\OpenApi), Array, Array, '#', Object(stdClass))
#25 C:\\xampp\\htdocs\\simpadu-keuangan\\vendor\\zircote\\swagger-php\\src\\Annotations\\OpenApi.php(170): OpenApi\\Annotations\\AbstractAnnotation->validate(Array, Array, '#', Object(stdClass))
#26 C:\\xampp\\htdocs\\simpadu-keuangan\\vendor\\zircote\\swagger-php\\src\\Analysis.php(423): OpenApi\\Annotations\\OpenApi->validate()
#27 C:\\xampp\\htdocs\\simpadu-keuangan\\vendor\\zircote\\swagger-php\\src\\Generator.php(377): OpenApi\\Analysis->validate()
#28 C:\\xampp\\htdocs\\simpadu-keuangan\\vendor\\darkaonline\\l5-swagger\\src\\Generator.php(177): OpenApi\\Generator->generate(Object(Symfony\\Component\\Finder\\Finder), Object(OpenApi\\Analysis))
#29 C:\\xampp\\htdocs\\simpadu-keuangan\\vendor\\darkaonline\\l5-swagger\\src\\Generator.php(118): L5Swagger\\Generator->scanFilesForDocumentation()
#30 C:\\xampp\\htdocs\\simpadu-keuangan\\vendor\\darkaonline\\l5-swagger\\src\\Console\\GenerateDocsCommand.php(73): L5Swagger\\Generator->generateDocs()
#31 C:\\xampp\\htdocs\\simpadu-keuangan\\vendor\\darkaonline\\l5-swagger\\src\\Console\\GenerateDocsCommand.php(56): L5Swagger\\Console\\GenerateDocsCommand->generateDocumentation(Object(L5Swagger\\GeneratorFactory), 'default')
#32 C:\\xampp\\htdocs\\simpadu-keuangan\\vendor\\laravel\\framework\\src\\Illuminate\\Container\\BoundMethod.php(36): L5Swagger\\Console\\GenerateDocsCommand->handle(Object(L5Swagger\\GeneratorFactory))
#33 C:\\xampp\\htdocs\\simpadu-keuangan\\vendor\\laravel\\framework\\src\\Illuminate\\Container\\Util.php(43): Illuminate\\Container\\BoundMethod::Illuminate\\Container\\{closure}()
#34 C:\\xampp\\htdocs\\simpadu-keuangan\\vendor\\laravel\\framework\\src\\Illuminate\\Container\\BoundMethod.php(96): Illuminate\\Container\\Util::unwrapIfClosure(Object(Closure))
#35 C:\\xampp\\htdocs\\simpadu-keuangan\\vendor\\laravel\\framework\\src\\Illuminate\\Container\\BoundMethod.php(35): Illuminate\\Container\\BoundMethod::callBoundMethod(Object(Illuminate\\Foundation\\Application), Array, Object(Closure))
#36 C:\\xampp\\htdocs\\simpadu-keuangan\\vendor\\laravel\\framework\\src\\Illuminate\\Container\\Container.php(754): Illuminate\\Container\\BoundMethod::call(Object(Illuminate\\Foundation\\Application), Array, Array, NULL)
#37 C:\\xampp\\htdocs\\simpadu-keuangan\\vendor\\laravel\\framework\\src\\Illuminate\\Console\\Command.php(211): Illuminate\\Container\\Container->call(Array)
#38 C:\\xampp\\htdocs\\simpadu-keuangan\\vendor\\symfony\\console\\Command\\Command.php(279): Illuminate\\Console\\Command->execute(Object(Symfony\\Component\\Console\\Input\\ArgvInput), Object(Illuminate\\Console\\OutputStyle))
#39 C:\\xampp\\htdocs\\simpadu-keuangan\\vendor\\laravel\\framework\\src\\Illuminate\\Console\\Command.php(180): Symfony\\Component\\Console\\Command\\Command->run(Object(Symfony\\Component\\Console\\Input\\ArgvInput), Object(Illuminate\\Console\\OutputStyle))
#40 C:\\xampp\\htdocs\\simpadu-keuangan\\vendor\\symfony\\console\\Application.php(1094): Illuminate\\Console\\Command->run(Object(Symfony\\Component\\Console\\Input\\ArgvInput), Object(Symfony\\Component\\Console\\Output\\ConsoleOutput))
#41 C:\\xampp\\htdocs\\simpadu-keuangan\\vendor\\symfony\\console\\Application.php(342): Symfony\\Component\\Console\\Application->doRunCommand(Object(L5Swagger\\Console\\GenerateDocsCommand), Object(Symfony\\Component\\Console\\Input\\ArgvInput), Object(Symfony\\Component\\Console\\Output\\ConsoleOutput))
#42 C:\\xampp\\htdocs\\simpadu-keuangan\\vendor\\symfony\\console\\Application.php(193): Symfony\\Component\\Console\\Application->doRun(Object(Symfony\\Component\\Console\\Input\\ArgvInput), Object(Symfony\\Component\\Console\\Output\\ConsoleOutput))
#43 C:\\xampp\\htdocs\\simpadu-keuangan\\vendor\\laravel\\framework\\src\\Illuminate\\Foundation\\Console\\Kernel.php(197): Symfony\\Component\\Console\\Application->run(Object(Symfony\\Component\\Console\\Input\\ArgvInput), Object(Symfony\\Component\\Console\\Output\\ConsoleOutput))
#44 C:\\xampp\\htdocs\\simpadu-keuangan\\vendor\\laravel\\framework\\src\\Illuminate\\Foundation\\Application.php(1234): Illuminate\\Foundation\\Console\\Kernel->handle(Object(Symfony\\Component\\Console\\Input\\ArgvInput), Object(Symfony\\Component\\Console\\Output\\ConsoleOutput))
#45 C:\\xampp\\htdocs\\simpadu-keuangan\\artisan(16): Illuminate\\Foundation\\Application->handleCommand(Object(Symfony\\Component\\Console\\Input\\ArgvInput))
#46 {main}
"} 
[2025-05-01 08:34:00] local.ERROR: $ref "#/components/schemas/Keringanan" not found for @OA\Items() in \App\Http\Controllers\KeringananController->index() in C:\xampp\htdocs\simpadu-keuangan\app\Http\Controllers\KeringananController.php on line 30 {"exception":"[object] (ErrorException(code: 0): $ref \"#/components/schemas/Keringanan\" not found for @OA\\Items() in \\App\\Http\\Controllers\\KeringananController->index() in C:\\xampp\\htdocs\\simpadu-keuangan\\app\\Http\\Controllers\\KeringananController.php on line 30 at C:\\xampp\\htdocs\\simpadu-keuangan\\vendor\\zircote\\swagger-php\\src\\Loggers\\DefaultLogger.php:23)
[stacktrace]
#0 C:\\xampp\\htdocs\\simpadu-keuangan\\vendor\\laravel\\framework\\src\\Illuminate\\Foundation\\Bootstrap\\HandleExceptions.php(256): Illuminate\\Foundation\\Bootstrap\\HandleExceptions->handleError(512, '$ref \"#/compone...', 'C:\\\\xampp\\\\htdocs...', 23)
#1 [internal function]: Illuminate\\Foundation\\Bootstrap\\HandleExceptions->Illuminate\\Foundation\\Bootstrap\\{closure}(512, '$ref \"#/compone...', 'C:\\\\xampp\\\\htdocs...', 23)
#2 C:\\xampp\\htdocs\\simpadu-keuangan\\vendor\\zircote\\swagger-php\\src\\Loggers\\DefaultLogger.php(23): trigger_error('$ref \"#/compone...', 512)
#3 C:\\xampp\\htdocs\\simpadu-keuangan\\vendor\\psr\\log\\src\\LoggerTrait.php(61): OpenApi\\Loggers\\DefaultLogger->log('warning', '$ref \"#/compone...', Array)
#4 C:\\xampp\\htdocs\\simpadu-keuangan\\vendor\\zircote\\swagger-php\\src\\Annotations\\AbstractAnnotation.php(502): Psr\\Log\\AbstractLogger->warning('$ref \"#/compone...', Array)
#5 C:\\xampp\\htdocs\\simpadu-keuangan\\vendor\\zircote\\swagger-php\\src\\Annotations\\Schema.php(519): OpenApi\\Annotations\\AbstractAnnotation->validate(Array, Array, '#/paths/2/get/r...', Object(stdClass))
#6 C:\\xampp\\htdocs\\simpadu-keuangan\\vendor\\zircote\\swagger-php\\src\\Annotations\\Items.php(50): OpenApi\\Annotations\\Schema->validate(Array, Array, '#/paths/2/get/r...', Object(stdClass))
#7 C:\\xampp\\htdocs\\simpadu-keuangan\\vendor\\zircote\\swagger-php\\src\\Annotations\\AbstractAnnotation.php(583): OpenApi\\Annotations\\Items->validate(Array, Array, '#/paths/2/get/r...', Object(stdClass))
#8 C:\\xampp\\htdocs\\simpadu-keuangan\\vendor\\zircote\\swagger-php\\src\\Annotations\\AbstractAnnotation.php(556): OpenApi\\Annotations\\AbstractAnnotation::_validate(Object(OpenApi\\Annotations\\JsonContent), Array, Array, '#/paths/2/get/r...', Object(stdClass))
#9 C:\\xampp\\htdocs\\simpadu-keuangan\\vendor\\zircote\\swagger-php\\src\\Annotations\\Schema.php(519): OpenApi\\Annotations\\AbstractAnnotation->validate(Array, Array, '#/paths/2/get/r...', Object(stdClass))
#10 C:\\xampp\\htdocs\\simpadu-keuangan\\vendor\\zircote\\swagger-php\\src\\Annotations\\AbstractAnnotation.php(583): OpenApi\\Annotations\\Schema->validate(Array, Array, '#/paths/2/get/r...', Object(stdClass))
#11 C:\\xampp\\htdocs\\simpadu-keuangan\\vendor\\zircote\\swagger-php\\src\\Annotations\\AbstractAnnotation.php(556): OpenApi\\Annotations\\AbstractAnnotation::_validate(Object(OpenApi\\Annotations\\MediaType), Array, Array, '#/paths/2/get/r...', Object(stdClass))
#12 C:\\xampp\\htdocs\\simpadu-keuangan\\vendor\\zircote\\swagger-php\\src\\Annotations\\AbstractAnnotation.php(583): OpenApi\\Annotations\\AbstractAnnotation->validate(Array, Array, '#/paths/2/get/r...', Object(stdClass))
#13 C:\\xampp\\htdocs\\simpadu-keuangan\\vendor\\zircote\\swagger-php\\src\\Annotations\\AbstractAnnotation.php(589): OpenApi\\Annotations\\AbstractAnnotation::_validate(Array, Array, Array, '#/paths/2/get/r...', Object(stdClass))
#14 C:\\xampp\\htdocs\\simpadu-keuangan\\vendor\\zircote\\swagger-php\\src\\Annotations\\AbstractAnnotation.php(556): OpenApi\\Annotations\\AbstractAnnotation::_validate(Object(OpenApi\\Annotations\\Response), Array, Array, '#/paths/2/get/r...', Object(stdClass))
#15 C:\\xampp\\htdocs\\simpadu-keuangan\\vendor\\zircote\\swagger-php\\src\\Annotations\\Response.php(121): OpenApi\\Annotations\\AbstractAnnotation->validate(Array, Array, '#/paths/2/get/r...', Object(stdClass))
#16 C:\\xampp\\htdocs\\simpadu-keuangan\\vendor\\zircote\\swagger-php\\src\\Annotations\\AbstractAnnotation.php(583): OpenApi\\Annotations\\Response->validate(Array, Array, '#/paths/2/get/r...', Object(stdClass))
#17 C:\\xampp\\htdocs\\simpadu-keuangan\\vendor\\zircote\\swagger-php\\src\\Annotations\\AbstractAnnotation.php(589): OpenApi\\Annotations\\AbstractAnnotation::_validate(Array, Array, Array, '#/paths/2/get/r...', Object(stdClass))
#18 C:\\xampp\\htdocs\\simpadu-keuangan\\vendor\\zircote\\swagger-php\\src\\Annotations\\AbstractAnnotation.php(556): OpenApi\\Annotations\\AbstractAnnotation::_validate(Object(OpenApi\\Annotations\\Get), Array, Array, '#/paths/2/get', Object(stdClass))
#19 C:\\xampp\\htdocs\\simpadu-keuangan\\vendor\\zircote\\swagger-php\\src\\Annotations\\Operation.php(223): OpenApi\\Annotations\\AbstractAnnotation->validate(Array, Array, '#/paths/2/get', Object(stdClass))
#20 C:\\xampp\\htdocs\\simpadu-keuangan\\vendor\\zircote\\swagger-php\\src\\Annotations\\AbstractAnnotation.php(583): OpenApi\\Annotations\\Operation->validate(Array, Array, '#/paths/2/get', Object(stdClass))
#21 C:\\xampp\\htdocs\\simpadu-keuangan\\vendor\\zircote\\swagger-php\\src\\Annotations\\AbstractAnnotation.php(556): OpenApi\\Annotations\\AbstractAnnotation::_validate(Object(OpenApi\\Annotations\\PathItem), Array, Array, '#/paths/2', Object(stdClass))
#22 C:\\xampp\\htdocs\\simpadu-keuangan\\vendor\\zircote\\swagger-php\\src\\Annotations\\AbstractAnnotation.php(583): OpenApi\\Annotations\\AbstractAnnotation->validate(Array, Array, '#/paths/2', Object(stdClass))
#23 C:\\xampp\\htdocs\\simpadu-keuangan\\vendor\\zircote\\swagger-php\\src\\Annotations\\AbstractAnnotation.php(589): OpenApi\\Annotations\\AbstractAnnotation::_validate(Array, Array, Array, '#/paths', Object(stdClass))
#24 C:\\xampp\\htdocs\\simpadu-keuangan\\vendor\\zircote\\swagger-php\\src\\Annotations\\AbstractAnnotation.php(556): OpenApi\\Annotations\\AbstractAnnotation::_validate(Object(OpenApi\\Annotations\\OpenApi), Array, Array, '#', Object(stdClass))
#25 C:\\xampp\\htdocs\\simpadu-keuangan\\vendor\\zircote\\swagger-php\\src\\Annotations\\OpenApi.php(170): OpenApi\\Annotations\\AbstractAnnotation->validate(Array, Array, '#', Object(stdClass))
#26 C:\\xampp\\htdocs\\simpadu-keuangan\\vendor\\zircote\\swagger-php\\src\\Analysis.php(423): OpenApi\\Annotations\\OpenApi->validate()
#27 C:\\xampp\\htdocs\\simpadu-keuangan\\vendor\\zircote\\swagger-php\\src\\Generator.php(377): OpenApi\\Analysis->validate()
#28 C:\\xampp\\htdocs\\simpadu-keuangan\\vendor\\darkaonline\\l5-swagger\\src\\Generator.php(177): OpenApi\\Generator->generate(Object(Symfony\\Component\\Finder\\Finder), Object(OpenApi\\Analysis))
#29 C:\\xampp\\htdocs\\simpadu-keuangan\\vendor\\darkaonline\\l5-swagger\\src\\Generator.php(118): L5Swagger\\Generator->scanFilesForDocumentation()
#30 C:\\xampp\\htdocs\\simpadu-keuangan\\vendor\\darkaonline\\l5-swagger\\src\\Console\\GenerateDocsCommand.php(73): L5Swagger\\Generator->generateDocs()
#31 C:\\xampp\\htdocs\\simpadu-keuangan\\vendor\\darkaonline\\l5-swagger\\src\\Console\\GenerateDocsCommand.php(56): L5Swagger\\Console\\GenerateDocsCommand->generateDocumentation(Object(L5Swagger\\GeneratorFactory), 'default')
#32 C:\\xampp\\htdocs\\simpadu-keuangan\\vendor\\laravel\\framework\\src\\Illuminate\\Container\\BoundMethod.php(36): L5Swagger\\Console\\GenerateDocsCommand->handle(Object(L5Swagger\\GeneratorFactory))
#33 C:\\xampp\\htdocs\\simpadu-keuangan\\vendor\\laravel\\framework\\src\\Illuminate\\Container\\Util.php(43): Illuminate\\Container\\BoundMethod::Illuminate\\Container\\{closure}()
#34 C:\\xampp\\htdocs\\simpadu-keuangan\\vendor\\laravel\\framework\\src\\Illuminate\\Container\\BoundMethod.php(96): Illuminate\\Container\\Util::unwrapIfClosure(Object(Closure))
#35 C:\\xampp\\htdocs\\simpadu-keuangan\\vendor\\laravel\\framework\\src\\Illuminate\\Container\\BoundMethod.php(35): Illuminate\\Container\\BoundMethod::callBoundMethod(Object(Illuminate\\Foundation\\Application), Array, Object(Closure))
#36 C:\\xampp\\htdocs\\simpadu-keuangan\\vendor\\laravel\\framework\\src\\Illuminate\\Container\\Container.php(754): Illuminate\\Container\\BoundMethod::call(Object(Illuminate\\Foundation\\Application), Array, Array, NULL)
#37 C:\\xampp\\htdocs\\simpadu-keuangan\\vendor\\laravel\\framework\\src\\Illuminate\\Console\\Command.php(211): Illuminate\\Container\\Container->call(Array)
#38 C:\\xampp\\htdocs\\simpadu-keuangan\\vendor\\symfony\\console\\Command\\Command.php(279): Illuminate\\Console\\Command->execute(Object(Symfony\\Component\\Console\\Input\\ArgvInput), Object(Illuminate\\Console\\OutputStyle))
#39 C:\\xampp\\htdocs\\simpadu-keuangan\\vendor\\laravel\\framework\\src\\Illuminate\\Console\\Command.php(180): Symfony\\Component\\Console\\Command\\Command->run(Object(Symfony\\Component\\Console\\Input\\ArgvInput), Object(Illuminate\\Console\\OutputStyle))
#40 C:\\xampp\\htdocs\\simpadu-keuangan\\vendor\\symfony\\console\\Application.php(1094): Illuminate\\Console\\Command->run(Object(Symfony\\Component\\Console\\Input\\ArgvInput), Object(Symfony\\Component\\Console\\Output\\ConsoleOutput))
#41 C:\\xampp\\htdocs\\simpadu-keuangan\\vendor\\symfony\\console\\Application.php(342): Symfony\\Component\\Console\\Application->doRunCommand(Object(L5Swagger\\Console\\GenerateDocsCommand), Object(Symfony\\Component\\Console\\Input\\ArgvInput), Object(Symfony\\Component\\Console\\Output\\ConsoleOutput))
#42 C:\\xampp\\htdocs\\simpadu-keuangan\\vendor\\symfony\\console\\Application.php(193): Symfony\\Component\\Console\\Application->doRun(Object(Symfony\\Component\\Console\\Input\\ArgvInput), Object(Symfony\\Component\\Console\\Output\\ConsoleOutput))
#43 C:\\xampp\\htdocs\\simpadu-keuangan\\vendor\\laravel\\framework\\src\\Illuminate\\Foundation\\Console\\Kernel.php(197): Symfony\\Component\\Console\\Application->run(Object(Symfony\\Component\\Console\\Input\\ArgvInput), Object(Symfony\\Component\\Console\\Output\\ConsoleOutput))
#44 C:\\xampp\\htdocs\\simpadu-keuangan\\vendor\\laravel\\framework\\src\\Illuminate\\Foundation\\Application.php(1234): Illuminate\\Foundation\\Console\\Kernel->handle(Object(Symfony\\Component\\Console\\Input\\ArgvInput), Object(Symfony\\Component\\Console\\Output\\ConsoleOutput))
#45 C:\\xampp\\htdocs\\simpadu-keuangan\\artisan(16): Illuminate\\Foundation\\Application->handleCommand(Object(Symfony\\Component\\Console\\Input\\ArgvInput))
#46 {main}
"} 
[2025-05-01 08:43:11] local.ERROR: $ref "#/components/schemas/LogAktivitas" not found for @OA\Items() in \App\Http\Controllers\KeuLogAktivitasController->index() in C:\xampp\htdocs\simpadu-keuangan\app\Http\Controllers\KeuLogAktivitasController.php on line 32 {"exception":"[object] (ErrorException(code: 0): $ref \"#/components/schemas/LogAktivitas\" not found for @OA\\Items() in \\App\\Http\\Controllers\\KeuLogAktivitasController->index() in C:\\xampp\\htdocs\\simpadu-keuangan\\app\\Http\\Controllers\\KeuLogAktivitasController.php on line 32 at C:\\xampp\\htdocs\\simpadu-keuangan\\vendor\\zircote\\swagger-php\\src\\Loggers\\DefaultLogger.php:23)
[stacktrace]
#0 C:\\xampp\\htdocs\\simpadu-keuangan\\vendor\\laravel\\framework\\src\\Illuminate\\Foundation\\Bootstrap\\HandleExceptions.php(256): Illuminate\\Foundation\\Bootstrap\\HandleExceptions->handleError(512, '$ref \"#/compone...', 'C:\\\\xampp\\\\htdocs...', 23)
#1 [internal function]: Illuminate\\Foundation\\Bootstrap\\HandleExceptions->Illuminate\\Foundation\\Bootstrap\\{closure}(512, '$ref \"#/compone...', 'C:\\\\xampp\\\\htdocs...', 23)
#2 C:\\xampp\\htdocs\\simpadu-keuangan\\vendor\\zircote\\swagger-php\\src\\Loggers\\DefaultLogger.php(23): trigger_error('$ref \"#/compone...', 512)
#3 C:\\xampp\\htdocs\\simpadu-keuangan\\vendor\\psr\\log\\src\\LoggerTrait.php(61): OpenApi\\Loggers\\DefaultLogger->log('warning', '$ref \"#/compone...', Array)
#4 C:\\xampp\\htdocs\\simpadu-keuangan\\vendor\\zircote\\swagger-php\\src\\Annotations\\AbstractAnnotation.php(502): Psr\\Log\\AbstractLogger->warning('$ref \"#/compone...', Array)
#5 C:\\xampp\\htdocs\\simpadu-keuangan\\vendor\\zircote\\swagger-php\\src\\Annotations\\Schema.php(519): OpenApi\\Annotations\\AbstractAnnotation->validate(Array, Array, '#/paths/5/get/r...', Object(stdClass))
#6 C:\\xampp\\htdocs\\simpadu-keuangan\\vendor\\zircote\\swagger-php\\src\\Annotations\\Items.php(50): OpenApi\\Annotations\\Schema->validate(Array, Array, '#/paths/5/get/r...', Object(stdClass))
#7 C:\\xampp\\htdocs\\simpadu-keuangan\\vendor\\zircote\\swagger-php\\src\\Annotations\\AbstractAnnotation.php(583): OpenApi\\Annotations\\Items->validate(Array, Array, '#/paths/5/get/r...', Object(stdClass))
#8 C:\\xampp\\htdocs\\simpadu-keuangan\\vendor\\zircote\\swagger-php\\src\\Annotations\\AbstractAnnotation.php(556): OpenApi\\Annotations\\AbstractAnnotation::_validate(Object(OpenApi\\Annotations\\JsonContent), Array, Array, '#/paths/5/get/r...', Object(stdClass))
#9 C:\\xampp\\htdocs\\simpadu-keuangan\\vendor\\zircote\\swagger-php\\src\\Annotations\\Schema.php(519): OpenApi\\Annotations\\AbstractAnnotation->validate(Array, Array, '#/paths/5/get/r...', Object(stdClass))
#10 C:\\xampp\\htdocs\\simpadu-keuangan\\vendor\\zircote\\swagger-php\\src\\Annotations\\AbstractAnnotation.php(583): OpenApi\\Annotations\\Schema->validate(Array, Array, '#/paths/5/get/r...', Object(stdClass))
#11 C:\\xampp\\htdocs\\simpadu-keuangan\\vendor\\zircote\\swagger-php\\src\\Annotations\\AbstractAnnotation.php(556): OpenApi\\Annotations\\AbstractAnnotation::_validate(Object(OpenApi\\Annotations\\MediaType), Array, Array, '#/paths/5/get/r...', Object(stdClass))
#12 C:\\xampp\\htdocs\\simpadu-keuangan\\vendor\\zircote\\swagger-php\\src\\Annotations\\AbstractAnnotation.php(583): OpenApi\\Annotations\\AbstractAnnotation->validate(Array, Array, '#/paths/5/get/r...', Object(stdClass))
#13 C:\\xampp\\htdocs\\simpadu-keuangan\\vendor\\zircote\\swagger-php\\src\\Annotations\\AbstractAnnotation.php(589): OpenApi\\Annotations\\AbstractAnnotation::_validate(Array, Array, Array, '#/paths/5/get/r...', Object(stdClass))
#14 C:\\xampp\\htdocs\\simpadu-keuangan\\vendor\\zircote\\swagger-php\\src\\Annotations\\AbstractAnnotation.php(556): OpenApi\\Annotations\\AbstractAnnotation::_validate(Object(OpenApi\\Annotations\\Response), Array, Array, '#/paths/5/get/r...', Object(stdClass))
#15 C:\\xampp\\htdocs\\simpadu-keuangan\\vendor\\zircote\\swagger-php\\src\\Annotations\\Response.php(121): OpenApi\\Annotations\\AbstractAnnotation->validate(Array, Array, '#/paths/5/get/r...', Object(stdClass))
#16 C:\\xampp\\htdocs\\simpadu-keuangan\\vendor\\zircote\\swagger-php\\src\\Annotations\\AbstractAnnotation.php(583): OpenApi\\Annotations\\Response->validate(Array, Array, '#/paths/5/get/r...', Object(stdClass))
#17 C:\\xampp\\htdocs\\simpadu-keuangan\\vendor\\zircote\\swagger-php\\src\\Annotations\\AbstractAnnotation.php(589): OpenApi\\Annotations\\AbstractAnnotation::_validate(Array, Array, Array, '#/paths/5/get/r...', Object(stdClass))
#18 C:\\xampp\\htdocs\\simpadu-keuangan\\vendor\\zircote\\swagger-php\\src\\Annotations\\AbstractAnnotation.php(556): OpenApi\\Annotations\\AbstractAnnotation::_validate(Object(OpenApi\\Annotations\\Get), Array, Array, '#/paths/5/get', Object(stdClass))
#19 C:\\xampp\\htdocs\\simpadu-keuangan\\vendor\\zircote\\swagger-php\\src\\Annotations\\Operation.php(223): OpenApi\\Annotations\\AbstractAnnotation->validate(Array, Array, '#/paths/5/get', Object(stdClass))
#20 C:\\xampp\\htdocs\\simpadu-keuangan\\vendor\\zircote\\swagger-php\\src\\Annotations\\AbstractAnnotation.php(583): OpenApi\\Annotations\\Operation->validate(Array, Array, '#/paths/5/get', Object(stdClass))
#21 C:\\xampp\\htdocs\\simpadu-keuangan\\vendor\\zircote\\swagger-php\\src\\Annotations\\AbstractAnnotation.php(556): OpenApi\\Annotations\\AbstractAnnotation::_validate(Object(OpenApi\\Annotations\\PathItem), Array, Array, '#/paths/5', Object(stdClass))
#22 C:\\xampp\\htdocs\\simpadu-keuangan\\vendor\\zircote\\swagger-php\\src\\Annotations\\AbstractAnnotation.php(583): OpenApi\\Annotations\\AbstractAnnotation->validate(Array, Array, '#/paths/5', Object(stdClass))
#23 C:\\xampp\\htdocs\\simpadu-keuangan\\vendor\\zircote\\swagger-php\\src\\Annotations\\AbstractAnnotation.php(589): OpenApi\\Annotations\\AbstractAnnotation::_validate(Array, Array, Array, '#/paths', Object(stdClass))
#24 C:\\xampp\\htdocs\\simpadu-keuangan\\vendor\\zircote\\swagger-php\\src\\Annotations\\AbstractAnnotation.php(556): OpenApi\\Annotations\\AbstractAnnotation::_validate(Object(OpenApi\\Annotations\\OpenApi), Array, Array, '#', Object(stdClass))
#25 C:\\xampp\\htdocs\\simpadu-keuangan\\vendor\\zircote\\swagger-php\\src\\Annotations\\OpenApi.php(170): OpenApi\\Annotations\\AbstractAnnotation->validate(Array, Array, '#', Object(stdClass))
#26 C:\\xampp\\htdocs\\simpadu-keuangan\\vendor\\zircote\\swagger-php\\src\\Analysis.php(423): OpenApi\\Annotations\\OpenApi->validate()
#27 C:\\xampp\\htdocs\\simpadu-keuangan\\vendor\\zircote\\swagger-php\\src\\Generator.php(377): OpenApi\\Analysis->validate()
#28 C:\\xampp\\htdocs\\simpadu-keuangan\\vendor\\darkaonline\\l5-swagger\\src\\Generator.php(177): OpenApi\\Generator->generate(Object(Symfony\\Component\\Finder\\Finder), Object(OpenApi\\Analysis))
#29 C:\\xampp\\htdocs\\simpadu-keuangan\\vendor\\darkaonline\\l5-swagger\\src\\Generator.php(118): L5Swagger\\Generator->scanFilesForDocumentation()
#30 C:\\xampp\\htdocs\\simpadu-keuangan\\vendor\\darkaonline\\l5-swagger\\src\\Console\\GenerateDocsCommand.php(73): L5Swagger\\Generator->generateDocs()
#31 C:\\xampp\\htdocs\\simpadu-keuangan\\vendor\\darkaonline\\l5-swagger\\src\\Console\\GenerateDocsCommand.php(56): L5Swagger\\Console\\GenerateDocsCommand->generateDocumentation(Object(L5Swagger\\GeneratorFactory), 'default')
#32 C:\\xampp\\htdocs\\simpadu-keuangan\\vendor\\laravel\\framework\\src\\Illuminate\\Container\\BoundMethod.php(36): L5Swagger\\Console\\GenerateDocsCommand->handle(Object(L5Swagger\\GeneratorFactory))
#33 C:\\xampp\\htdocs\\simpadu-keuangan\\vendor\\laravel\\framework\\src\\Illuminate\\Container\\Util.php(43): Illuminate\\Container\\BoundMethod::Illuminate\\Container\\{closure}()
#34 C:\\xampp\\htdocs\\simpadu-keuangan\\vendor\\laravel\\framework\\src\\Illuminate\\Container\\BoundMethod.php(96): Illuminate\\Container\\Util::unwrapIfClosure(Object(Closure))
#35 C:\\xampp\\htdocs\\simpadu-keuangan\\vendor\\laravel\\framework\\src\\Illuminate\\Container\\BoundMethod.php(35): Illuminate\\Container\\BoundMethod::callBoundMethod(Object(Illuminate\\Foundation\\Application), Array, Object(Closure))
#36 C:\\xampp\\htdocs\\simpadu-keuangan\\vendor\\laravel\\framework\\src\\Illuminate\\Container\\Container.php(754): Illuminate\\Container\\BoundMethod::call(Object(Illuminate\\Foundation\\Application), Array, Array, NULL)
#37 C:\\xampp\\htdocs\\simpadu-keuangan\\vendor\\laravel\\framework\\src\\Illuminate\\Console\\Command.php(211): Illuminate\\Container\\Container->call(Array)
#38 C:\\xampp\\htdocs\\simpadu-keuangan\\vendor\\symfony\\console\\Command\\Command.php(279): Illuminate\\Console\\Command->execute(Object(Symfony\\Component\\Console\\Input\\ArgvInput), Object(Illuminate\\Console\\OutputStyle))
#39 C:\\xampp\\htdocs\\simpadu-keuangan\\vendor\\laravel\\framework\\src\\Illuminate\\Console\\Command.php(180): Symfony\\Component\\Console\\Command\\Command->run(Object(Symfony\\Component\\Console\\Input\\ArgvInput), Object(Illuminate\\Console\\OutputStyle))
#40 C:\\xampp\\htdocs\\simpadu-keuangan\\vendor\\symfony\\console\\Application.php(1094): Illuminate\\Console\\Command->run(Object(Symfony\\Component\\Console\\Input\\ArgvInput), Object(Symfony\\Component\\Console\\Output\\ConsoleOutput))
#41 C:\\xampp\\htdocs\\simpadu-keuangan\\vendor\\symfony\\console\\Application.php(342): Symfony\\Component\\Console\\Application->doRunCommand(Object(L5Swagger\\Console\\GenerateDocsCommand), Object(Symfony\\Component\\Console\\Input\\ArgvInput), Object(Symfony\\Component\\Console\\Output\\ConsoleOutput))
#42 C:\\xampp\\htdocs\\simpadu-keuangan\\vendor\\symfony\\console\\Application.php(193): Symfony\\Component\\Console\\Application->doRun(Object(Symfony\\Component\\Console\\Input\\ArgvInput), Object(Symfony\\Component\\Console\\Output\\ConsoleOutput))
#43 C:\\xampp\\htdocs\\simpadu-keuangan\\vendor\\laravel\\framework\\src\\Illuminate\\Foundation\\Console\\Kernel.php(197): Symfony\\Component\\Console\\Application->run(Object(Symfony\\Component\\Console\\Input\\ArgvInput), Object(Symfony\\Component\\Console\\Output\\ConsoleOutput))
#44 C:\\xampp\\htdocs\\simpadu-keuangan\\vendor\\laravel\\framework\\src\\Illuminate\\Foundation\\Application.php(1234): Illuminate\\Foundation\\Console\\Kernel->handle(Object(Symfony\\Component\\Console\\Input\\ArgvInput), Object(Symfony\\Component\\Console\\Output\\ConsoleOutput))
#45 C:\\xampp\\htdocs\\simpadu-keuangan\\artisan(16): Illuminate\\Foundation\\Application->handleCommand(Object(Symfony\\Component\\Console\\Input\\ArgvInput))
#46 {main}
"} 
[2025-05-01 08:45:49] local.ERROR: $ref "#/components/schemas/StatusPembayaran" not found for @OA\Items() in \App\Http\Controllers\StatusPembayaranController->index() in C:\xampp\htdocs\simpadu-keuangan\app\Http\Controllers\StatusPembayaranController.php on line 38 {"exception":"[object] (ErrorException(code: 0): $ref \"#/components/schemas/StatusPembayaran\" not found for @OA\\Items() in \\App\\Http\\Controllers\\StatusPembayaranController->index() in C:\\xampp\\htdocs\\simpadu-keuangan\\app\\Http\\Controllers\\StatusPembayaranController.php on line 38 at C:\\xampp\\htdocs\\simpadu-keuangan\\vendor\\zircote\\swagger-php\\src\\Loggers\\DefaultLogger.php:23)
[stacktrace]
#0 C:\\xampp\\htdocs\\simpadu-keuangan\\vendor\\laravel\\framework\\src\\Illuminate\\Foundation\\Bootstrap\\HandleExceptions.php(256): Illuminate\\Foundation\\Bootstrap\\HandleExceptions->handleError(512, '$ref \"#/compone...', 'C:\\\\xampp\\\\htdocs...', 23)
#1 [internal function]: Illuminate\\Foundation\\Bootstrap\\HandleExceptions->Illuminate\\Foundation\\Bootstrap\\{closure}(512, '$ref \"#/compone...', 'C:\\\\xampp\\\\htdocs...', 23)
#2 C:\\xampp\\htdocs\\simpadu-keuangan\\vendor\\zircote\\swagger-php\\src\\Loggers\\DefaultLogger.php(23): trigger_error('$ref \"#/compone...', 512)
#3 C:\\xampp\\htdocs\\simpadu-keuangan\\vendor\\psr\\log\\src\\LoggerTrait.php(61): OpenApi\\Loggers\\DefaultLogger->log('warning', '$ref \"#/compone...', Array)
#4 C:\\xampp\\htdocs\\simpadu-keuangan\\vendor\\zircote\\swagger-php\\src\\Annotations\\AbstractAnnotation.php(502): Psr\\Log\\AbstractLogger->warning('$ref \"#/compone...', Array)
#5 C:\\xampp\\htdocs\\simpadu-keuangan\\vendor\\zircote\\swagger-php\\src\\Annotations\\Schema.php(519): OpenApi\\Annotations\\AbstractAnnotation->validate(Array, Array, '#/paths/13/get/...', Object(stdClass))
#6 C:\\xampp\\htdocs\\simpadu-keuangan\\vendor\\zircote\\swagger-php\\src\\Annotations\\Items.php(50): OpenApi\\Annotations\\Schema->validate(Array, Array, '#/paths/13/get/...', Object(stdClass))
#7 C:\\xampp\\htdocs\\simpadu-keuangan\\vendor\\zircote\\swagger-php\\src\\Annotations\\AbstractAnnotation.php(583): OpenApi\\Annotations\\Items->validate(Array, Array, '#/paths/13/get/...', Object(stdClass))
#8 C:\\xampp\\htdocs\\simpadu-keuangan\\vendor\\zircote\\swagger-php\\src\\Annotations\\AbstractAnnotation.php(556): OpenApi\\Annotations\\AbstractAnnotation::_validate(Object(OpenApi\\Annotations\\JsonContent), Array, Array, '#/paths/13/get/...', Object(stdClass))
#9 C:\\xampp\\htdocs\\simpadu-keuangan\\vendor\\zircote\\swagger-php\\src\\Annotations\\Schema.php(519): OpenApi\\Annotations\\AbstractAnnotation->validate(Array, Array, '#/paths/13/get/...', Object(stdClass))
#10 C:\\xampp\\htdocs\\simpadu-keuangan\\vendor\\zircote\\swagger-php\\src\\Annotations\\AbstractAnnotation.php(583): OpenApi\\Annotations\\Schema->validate(Array, Array, '#/paths/13/get/...', Object(stdClass))
#11 C:\\xampp\\htdocs\\simpadu-keuangan\\vendor\\zircote\\swagger-php\\src\\Annotations\\AbstractAnnotation.php(556): OpenApi\\Annotations\\AbstractAnnotation::_validate(Object(OpenApi\\Annotations\\MediaType), Array, Array, '#/paths/13/get/...', Object(stdClass))
#12 C:\\xampp\\htdocs\\simpadu-keuangan\\vendor\\zircote\\swagger-php\\src\\Annotations\\AbstractAnnotation.php(583): OpenApi\\Annotations\\AbstractAnnotation->validate(Array, Array, '#/paths/13/get/...', Object(stdClass))
#13 C:\\xampp\\htdocs\\simpadu-keuangan\\vendor\\zircote\\swagger-php\\src\\Annotations\\AbstractAnnotation.php(589): OpenApi\\Annotations\\AbstractAnnotation::_validate(Array, Array, Array, '#/paths/13/get/...', Object(stdClass))
#14 C:\\xampp\\htdocs\\simpadu-keuangan\\vendor\\zircote\\swagger-php\\src\\Annotations\\AbstractAnnotation.php(556): OpenApi\\Annotations\\AbstractAnnotation::_validate(Object(OpenApi\\Annotations\\Response), Array, Array, '#/paths/13/get/...', Object(stdClass))
#15 C:\\xampp\\htdocs\\simpadu-keuangan\\vendor\\zircote\\swagger-php\\src\\Annotations\\Response.php(121): OpenApi\\Annotations\\AbstractAnnotation->validate(Array, Array, '#/paths/13/get/...', Object(stdClass))
#16 C:\\xampp\\htdocs\\simpadu-keuangan\\vendor\\zircote\\swagger-php\\src\\Annotations\\AbstractAnnotation.php(583): OpenApi\\Annotations\\Response->validate(Array, Array, '#/paths/13/get/...', Object(stdClass))
#17 C:\\xampp\\htdocs\\simpadu-keuangan\\vendor\\zircote\\swagger-php\\src\\Annotations\\AbstractAnnotation.php(589): OpenApi\\Annotations\\AbstractAnnotation::_validate(Array, Array, Array, '#/paths/13/get/...', Object(stdClass))
#18 C:\\xampp\\htdocs\\simpadu-keuangan\\vendor\\zircote\\swagger-php\\src\\Annotations\\AbstractAnnotation.php(556): OpenApi\\Annotations\\AbstractAnnotation::_validate(Object(OpenApi\\Annotations\\Get), Array, Array, '#/paths/13/get', Object(stdClass))
#19 C:\\xampp\\htdocs\\simpadu-keuangan\\vendor\\zircote\\swagger-php\\src\\Annotations\\Operation.php(223): OpenApi\\Annotations\\AbstractAnnotation->validate(Array, Array, '#/paths/13/get', Object(stdClass))
#20 C:\\xampp\\htdocs\\simpadu-keuangan\\vendor\\zircote\\swagger-php\\src\\Annotations\\AbstractAnnotation.php(583): OpenApi\\Annotations\\Operation->validate(Array, Array, '#/paths/13/get', Object(stdClass))
#21 C:\\xampp\\htdocs\\simpadu-keuangan\\vendor\\zircote\\swagger-php\\src\\Annotations\\AbstractAnnotation.php(556): OpenApi\\Annotations\\AbstractAnnotation::_validate(Object(OpenApi\\Annotations\\PathItem), Array, Array, '#/paths/13', Object(stdClass))
#22 C:\\xampp\\htdocs\\simpadu-keuangan\\vendor\\zircote\\swagger-php\\src\\Annotations\\AbstractAnnotation.php(583): OpenApi\\Annotations\\AbstractAnnotation->validate(Array, Array, '#/paths/13', Object(stdClass))
#23 C:\\xampp\\htdocs\\simpadu-keuangan\\vendor\\zircote\\swagger-php\\src\\Annotations\\AbstractAnnotation.php(589): OpenApi\\Annotations\\AbstractAnnotation::_validate(Array, Array, Array, '#/paths', Object(stdClass))
#24 C:\\xampp\\htdocs\\simpadu-keuangan\\vendor\\zircote\\swagger-php\\src\\Annotations\\AbstractAnnotation.php(556): OpenApi\\Annotations\\AbstractAnnotation::_validate(Object(OpenApi\\Annotations\\OpenApi), Array, Array, '#', Object(stdClass))
#25 C:\\xampp\\htdocs\\simpadu-keuangan\\vendor\\zircote\\swagger-php\\src\\Annotations\\OpenApi.php(170): OpenApi\\Annotations\\AbstractAnnotation->validate(Array, Array, '#', Object(stdClass))
#26 C:\\xampp\\htdocs\\simpadu-keuangan\\vendor\\zircote\\swagger-php\\src\\Analysis.php(423): OpenApi\\Annotations\\OpenApi->validate()
#27 C:\\xampp\\htdocs\\simpadu-keuangan\\vendor\\zircote\\swagger-php\\src\\Generator.php(377): OpenApi\\Analysis->validate()
#28 C:\\xampp\\htdocs\\simpadu-keuangan\\vendor\\darkaonline\\l5-swagger\\src\\Generator.php(177): OpenApi\\Generator->generate(Object(Symfony\\Component\\Finder\\Finder), Object(OpenApi\\Analysis))
#29 C:\\xampp\\htdocs\\simpadu-keuangan\\vendor\\darkaonline\\l5-swagger\\src\\Generator.php(118): L5Swagger\\Generator->scanFilesForDocumentation()
#30 C:\\xampp\\htdocs\\simpadu-keuangan\\vendor\\darkaonline\\l5-swagger\\src\\Console\\GenerateDocsCommand.php(73): L5Swagger\\Generator->generateDocs()
#31 C:\\xampp\\htdocs\\simpadu-keuangan\\vendor\\darkaonline\\l5-swagger\\src\\Console\\GenerateDocsCommand.php(56): L5Swagger\\Console\\GenerateDocsCommand->generateDocumentation(Object(L5Swagger\\GeneratorFactory), 'default')
#32 C:\\xampp\\htdocs\\simpadu-keuangan\\vendor\\laravel\\framework\\src\\Illuminate\\Container\\BoundMethod.php(36): L5Swagger\\Console\\GenerateDocsCommand->handle(Object(L5Swagger\\GeneratorFactory))
#33 C:\\xampp\\htdocs\\simpadu-keuangan\\vendor\\laravel\\framework\\src\\Illuminate\\Container\\Util.php(43): Illuminate\\Container\\BoundMethod::Illuminate\\Container\\{closure}()
#34 C:\\xampp\\htdocs\\simpadu-keuangan\\vendor\\laravel\\framework\\src\\Illuminate\\Container\\BoundMethod.php(96): Illuminate\\Container\\Util::unwrapIfClosure(Object(Closure))
#35 C:\\xampp\\htdocs\\simpadu-keuangan\\vendor\\laravel\\framework\\src\\Illuminate\\Container\\BoundMethod.php(35): Illuminate\\Container\\BoundMethod::callBoundMethod(Object(Illuminate\\Foundation\\Application), Array, Object(Closure))
#36 C:\\xampp\\htdocs\\simpadu-keuangan\\vendor\\laravel\\framework\\src\\Illuminate\\Container\\Container.php(754): Illuminate\\Container\\BoundMethod::call(Object(Illuminate\\Foundation\\Application), Array, Array, NULL)
#37 C:\\xampp\\htdocs\\simpadu-keuangan\\vendor\\laravel\\framework\\src\\Illuminate\\Console\\Command.php(211): Illuminate\\Container\\Container->call(Array)
#38 C:\\xampp\\htdocs\\simpadu-keuangan\\vendor\\symfony\\console\\Command\\Command.php(279): Illuminate\\Console\\Command->execute(Object(Symfony\\Component\\Console\\Input\\ArgvInput), Object(Illuminate\\Console\\OutputStyle))
#39 C:\\xampp\\htdocs\\simpadu-keuangan\\vendor\\laravel\\framework\\src\\Illuminate\\Console\\Command.php(180): Symfony\\Component\\Console\\Command\\Command->run(Object(Symfony\\Component\\Console\\Input\\ArgvInput), Object(Illuminate\\Console\\OutputStyle))
#40 C:\\xampp\\htdocs\\simpadu-keuangan\\vendor\\symfony\\console\\Application.php(1094): Illuminate\\Console\\Command->run(Object(Symfony\\Component\\Console\\Input\\ArgvInput), Object(Symfony\\Component\\Console\\Output\\ConsoleOutput))
#41 C:\\xampp\\htdocs\\simpadu-keuangan\\vendor\\symfony\\console\\Application.php(342): Symfony\\Component\\Console\\Application->doRunCommand(Object(L5Swagger\\Console\\GenerateDocsCommand), Object(Symfony\\Component\\Console\\Input\\ArgvInput), Object(Symfony\\Component\\Console\\Output\\ConsoleOutput))
#42 C:\\xampp\\htdocs\\simpadu-keuangan\\vendor\\symfony\\console\\Application.php(193): Symfony\\Component\\Console\\Application->doRun(Object(Symfony\\Component\\Console\\Input\\ArgvInput), Object(Symfony\\Component\\Console\\Output\\ConsoleOutput))
#43 C:\\xampp\\htdocs\\simpadu-keuangan\\vendor\\laravel\\framework\\src\\Illuminate\\Foundation\\Console\\Kernel.php(197): Symfony\\Component\\Console\\Application->run(Object(Symfony\\Component\\Console\\Input\\ArgvInput), Object(Symfony\\Component\\Console\\Output\\ConsoleOutput))
#44 C:\\xampp\\htdocs\\simpadu-keuangan\\vendor\\laravel\\framework\\src\\Illuminate\\Foundation\\Application.php(1234): Illuminate\\Foundation\\Console\\Kernel->handle(Object(Symfony\\Component\\Console\\Input\\ArgvInput), Object(Symfony\\Component\\Console\\Output\\ConsoleOutput))
#45 C:\\xampp\\htdocs\\simpadu-keuangan\\artisan(16): Illuminate\\Foundation\\Application->handleCommand(Object(Symfony\\Component\\Console\\Input\\ArgvInput))
#46 {main}
"} 
[2025-05-01 08:46:55] local.ERROR: $ref "#/components/schemas/StatusPembayaranDetail" not found for @OA\Items() in \App\Http\Controllers\StatusPembayaranController->indexWithKategori() in C:\xampp\htdocs\simpadu-keuangan\app\Http\Controllers\StatusPembayaranController.php on line 58 {"exception":"[object] (ErrorException(code: 0): $ref \"#/components/schemas/StatusPembayaranDetail\" not found for @OA\\Items() in \\App\\Http\\Controllers\\StatusPembayaranController->indexWithKategori() in C:\\xampp\\htdocs\\simpadu-keuangan\\app\\Http\\Controllers\\StatusPembayaranController.php on line 58 at C:\\xampp\\htdocs\\simpadu-keuangan\\vendor\\zircote\\swagger-php\\src\\Loggers\\DefaultLogger.php:23)
[stacktrace]
#0 C:\\xampp\\htdocs\\simpadu-keuangan\\vendor\\laravel\\framework\\src\\Illuminate\\Foundation\\Bootstrap\\HandleExceptions.php(256): Illuminate\\Foundation\\Bootstrap\\HandleExceptions->handleError(512, '$ref \"#/compone...', 'C:\\\\xampp\\\\htdocs...', 23)
#1 [internal function]: Illuminate\\Foundation\\Bootstrap\\HandleExceptions->Illuminate\\Foundation\\Bootstrap\\{closure}(512, '$ref \"#/compone...', 'C:\\\\xampp\\\\htdocs...', 23)
#2 C:\\xampp\\htdocs\\simpadu-keuangan\\vendor\\zircote\\swagger-php\\src\\Loggers\\DefaultLogger.php(23): trigger_error('$ref \"#/compone...', 512)
#3 C:\\xampp\\htdocs\\simpadu-keuangan\\vendor\\psr\\log\\src\\LoggerTrait.php(61): OpenApi\\Loggers\\DefaultLogger->log('warning', '$ref \"#/compone...', Array)
#4 C:\\xampp\\htdocs\\simpadu-keuangan\\vendor\\zircote\\swagger-php\\src\\Annotations\\AbstractAnnotation.php(502): Psr\\Log\\AbstractLogger->warning('$ref \"#/compone...', Array)
#5 C:\\xampp\\htdocs\\simpadu-keuangan\\vendor\\zircote\\swagger-php\\src\\Annotations\\Schema.php(519): OpenApi\\Annotations\\AbstractAnnotation->validate(Array, Array, '#/paths/14/get/...', Object(stdClass))
#6 C:\\xampp\\htdocs\\simpadu-keuangan\\vendor\\zircote\\swagger-php\\src\\Annotations\\Items.php(50): OpenApi\\Annotations\\Schema->validate(Array, Array, '#/paths/14/get/...', Object(stdClass))
#7 C:\\xampp\\htdocs\\simpadu-keuangan\\vendor\\zircote\\swagger-php\\src\\Annotations\\AbstractAnnotation.php(583): OpenApi\\Annotations\\Items->validate(Array, Array, '#/paths/14/get/...', Object(stdClass))
#8 C:\\xampp\\htdocs\\simpadu-keuangan\\vendor\\zircote\\swagger-php\\src\\Annotations\\AbstractAnnotation.php(556): OpenApi\\Annotations\\AbstractAnnotation::_validate(Object(OpenApi\\Annotations\\JsonContent), Array, Array, '#/paths/14/get/...', Object(stdClass))
#9 C:\\xampp\\htdocs\\simpadu-keuangan\\vendor\\zircote\\swagger-php\\src\\Annotations\\Schema.php(519): OpenApi\\Annotations\\AbstractAnnotation->validate(Array, Array, '#/paths/14/get/...', Object(stdClass))
#10 C:\\xampp\\htdocs\\simpadu-keuangan\\vendor\\zircote\\swagger-php\\src\\Annotations\\AbstractAnnotation.php(583): OpenApi\\Annotations\\Schema->validate(Array, Array, '#/paths/14/get/...', Object(stdClass))
#11 C:\\xampp\\htdocs\\simpadu-keuangan\\vendor\\zircote\\swagger-php\\src\\Annotations\\AbstractAnnotation.php(556): OpenApi\\Annotations\\AbstractAnnotation::_validate(Object(OpenApi\\Annotations\\MediaType), Array, Array, '#/paths/14/get/...', Object(stdClass))
#12 C:\\xampp\\htdocs\\simpadu-keuangan\\vendor\\zircote\\swagger-php\\src\\Annotations\\AbstractAnnotation.php(583): OpenApi\\Annotations\\AbstractAnnotation->validate(Array, Array, '#/paths/14/get/...', Object(stdClass))
#13 C:\\xampp\\htdocs\\simpadu-keuangan\\vendor\\zircote\\swagger-php\\src\\Annotations\\AbstractAnnotation.php(589): OpenApi\\Annotations\\AbstractAnnotation::_validate(Array, Array, Array, '#/paths/14/get/...', Object(stdClass))
#14 C:\\xampp\\htdocs\\simpadu-keuangan\\vendor\\zircote\\swagger-php\\src\\Annotations\\AbstractAnnotation.php(556): OpenApi\\Annotations\\AbstractAnnotation::_validate(Object(OpenApi\\Annotations\\Response), Array, Array, '#/paths/14/get/...', Object(stdClass))
#15 C:\\xampp\\htdocs\\simpadu-keuangan\\vendor\\zircote\\swagger-php\\src\\Annotations\\Response.php(121): OpenApi\\Annotations\\AbstractAnnotation->validate(Array, Array, '#/paths/14/get/...', Object(stdClass))
#16 C:\\xampp\\htdocs\\simpadu-keuangan\\vendor\\zircote\\swagger-php\\src\\Annotations\\AbstractAnnotation.php(583): OpenApi\\Annotations\\Response->validate(Array, Array, '#/paths/14/get/...', Object(stdClass))
#17 C:\\xampp\\htdocs\\simpadu-keuangan\\vendor\\zircote\\swagger-php\\src\\Annotations\\AbstractAnnotation.php(589): OpenApi\\Annotations\\AbstractAnnotation::_validate(Array, Array, Array, '#/paths/14/get/...', Object(stdClass))
#18 C:\\xampp\\htdocs\\simpadu-keuangan\\vendor\\zircote\\swagger-php\\src\\Annotations\\AbstractAnnotation.php(556): OpenApi\\Annotations\\AbstractAnnotation::_validate(Object(OpenApi\\Annotations\\Get), Array, Array, '#/paths/14/get', Object(stdClass))
#19 C:\\xampp\\htdocs\\simpadu-keuangan\\vendor\\zircote\\swagger-php\\src\\Annotations\\Operation.php(223): OpenApi\\Annotations\\AbstractAnnotation->validate(Array, Array, '#/paths/14/get', Object(stdClass))
#20 C:\\xampp\\htdocs\\simpadu-keuangan\\vendor\\zircote\\swagger-php\\src\\Annotations\\AbstractAnnotation.php(583): OpenApi\\Annotations\\Operation->validate(Array, Array, '#/paths/14/get', Object(stdClass))
#21 C:\\xampp\\htdocs\\simpadu-keuangan\\vendor\\zircote\\swagger-php\\src\\Annotations\\AbstractAnnotation.php(556): OpenApi\\Annotations\\AbstractAnnotation::_validate(Object(OpenApi\\Annotations\\PathItem), Array, Array, '#/paths/14', Object(stdClass))
#22 C:\\xampp\\htdocs\\simpadu-keuangan\\vendor\\zircote\\swagger-php\\src\\Annotations\\AbstractAnnotation.php(583): OpenApi\\Annotations\\AbstractAnnotation->validate(Array, Array, '#/paths/14', Object(stdClass))
#23 C:\\xampp\\htdocs\\simpadu-keuangan\\vendor\\zircote\\swagger-php\\src\\Annotations\\AbstractAnnotation.php(589): OpenApi\\Annotations\\AbstractAnnotation::_validate(Array, Array, Array, '#/paths', Object(stdClass))
#24 C:\\xampp\\htdocs\\simpadu-keuangan\\vendor\\zircote\\swagger-php\\src\\Annotations\\AbstractAnnotation.php(556): OpenApi\\Annotations\\AbstractAnnotation::_validate(Object(OpenApi\\Annotations\\OpenApi), Array, Array, '#', Object(stdClass))
#25 C:\\xampp\\htdocs\\simpadu-keuangan\\vendor\\zircote\\swagger-php\\src\\Annotations\\OpenApi.php(170): OpenApi\\Annotations\\AbstractAnnotation->validate(Array, Array, '#', Object(stdClass))
#26 C:\\xampp\\htdocs\\simpadu-keuangan\\vendor\\zircote\\swagger-php\\src\\Analysis.php(423): OpenApi\\Annotations\\OpenApi->validate()
#27 C:\\xampp\\htdocs\\simpadu-keuangan\\vendor\\zircote\\swagger-php\\src\\Generator.php(377): OpenApi\\Analysis->validate()
#28 C:\\xampp\\htdocs\\simpadu-keuangan\\vendor\\darkaonline\\l5-swagger\\src\\Generator.php(177): OpenApi\\Generator->generate(Object(Symfony\\Component\\Finder\\Finder), Object(OpenApi\\Analysis))
#29 C:\\xampp\\htdocs\\simpadu-keuangan\\vendor\\darkaonline\\l5-swagger\\src\\Generator.php(118): L5Swagger\\Generator->scanFilesForDocumentation()
#30 C:\\xampp\\htdocs\\simpadu-keuangan\\vendor\\darkaonline\\l5-swagger\\src\\Console\\GenerateDocsCommand.php(73): L5Swagger\\Generator->generateDocs()
#31 C:\\xampp\\htdocs\\simpadu-keuangan\\vendor\\darkaonline\\l5-swagger\\src\\Console\\GenerateDocsCommand.php(56): L5Swagger\\Console\\GenerateDocsCommand->generateDocumentation(Object(L5Swagger\\GeneratorFactory), 'default')
#32 C:\\xampp\\htdocs\\simpadu-keuangan\\vendor\\laravel\\framework\\src\\Illuminate\\Container\\BoundMethod.php(36): L5Swagger\\Console\\GenerateDocsCommand->handle(Object(L5Swagger\\GeneratorFactory))
#33 C:\\xampp\\htdocs\\simpadu-keuangan\\vendor\\laravel\\framework\\src\\Illuminate\\Container\\Util.php(43): Illuminate\\Container\\BoundMethod::Illuminate\\Container\\{closure}()
#34 C:\\xampp\\htdocs\\simpadu-keuangan\\vendor\\laravel\\framework\\src\\Illuminate\\Container\\BoundMethod.php(96): Illuminate\\Container\\Util::unwrapIfClosure(Object(Closure))
#35 C:\\xampp\\htdocs\\simpadu-keuangan\\vendor\\laravel\\framework\\src\\Illuminate\\Container\\BoundMethod.php(35): Illuminate\\Container\\BoundMethod::callBoundMethod(Object(Illuminate\\Foundation\\Application), Array, Object(Closure))
#36 C:\\xampp\\htdocs\\simpadu-keuangan\\vendor\\laravel\\framework\\src\\Illuminate\\Container\\Container.php(754): Illuminate\\Container\\BoundMethod::call(Object(Illuminate\\Foundation\\Application), Array, Array, NULL)
#37 C:\\xampp\\htdocs\\simpadu-keuangan\\vendor\\laravel\\framework\\src\\Illuminate\\Console\\Command.php(211): Illuminate\\Container\\Container->call(Array)
#38 C:\\xampp\\htdocs\\simpadu-keuangan\\vendor\\symfony\\console\\Command\\Command.php(279): Illuminate\\Console\\Command->execute(Object(Symfony\\Component\\Console\\Input\\ArgvInput), Object(Illuminate\\Console\\OutputStyle))
#39 C:\\xampp\\htdocs\\simpadu-keuangan\\vendor\\laravel\\framework\\src\\Illuminate\\Console\\Command.php(180): Symfony\\Component\\Console\\Command\\Command->run(Object(Symfony\\Component\\Console\\Input\\ArgvInput), Object(Illuminate\\Console\\OutputStyle))
#40 C:\\xampp\\htdocs\\simpadu-keuangan\\vendor\\symfony\\console\\Application.php(1094): Illuminate\\Console\\Command->run(Object(Symfony\\Component\\Console\\Input\\ArgvInput), Object(Symfony\\Component\\Console\\Output\\ConsoleOutput))
#41 C:\\xampp\\htdocs\\simpadu-keuangan\\vendor\\symfony\\console\\Application.php(342): Symfony\\Component\\Console\\Application->doRunCommand(Object(L5Swagger\\Console\\GenerateDocsCommand), Object(Symfony\\Component\\Console\\Input\\ArgvInput), Object(Symfony\\Component\\Console\\Output\\ConsoleOutput))
#42 C:\\xampp\\htdocs\\simpadu-keuangan\\vendor\\symfony\\console\\Application.php(193): Symfony\\Component\\Console\\Application->doRun(Object(Symfony\\Component\\Console\\Input\\ArgvInput), Object(Symfony\\Component\\Console\\Output\\ConsoleOutput))
#43 C:\\xampp\\htdocs\\simpadu-keuangan\\vendor\\laravel\\framework\\src\\Illuminate\\Foundation\\Console\\Kernel.php(197): Symfony\\Component\\Console\\Application->run(Object(Symfony\\Component\\Console\\Input\\ArgvInput), Object(Symfony\\Component\\Console\\Output\\ConsoleOutput))
#44 C:\\xampp\\htdocs\\simpadu-keuangan\\vendor\\laravel\\framework\\src\\Illuminate\\Foundation\\Application.php(1234): Illuminate\\Foundation\\Console\\Kernel->handle(Object(Symfony\\Component\\Console\\Input\\ArgvInput), Object(Symfony\\Component\\Console\\Output\\ConsoleOutput))
#45 C:\\xampp\\htdocs\\simpadu-keuangan\\artisan(16): Illuminate\\Foundation\\Application->handleCommand(Object(Symfony\\Component\\Console\\Input\\ArgvInput))
#46 {main}
"} 
[2025-05-01 08:51:02] local.ERROR: $ref "#/components/schemas/Mahasiswa" not found for @OA\Property(property="mahasiswa") in C:\xampp\htdocs\simpadu-keuangan\app\Models\Keringanan.php on line 29 {"exception":"[object] (ErrorException(code: 0): $ref \"#/components/schemas/Mahasiswa\" not found for @OA\\Property(property=\"mahasiswa\") in C:\\xampp\\htdocs\\simpadu-keuangan\\app\\Models\\Keringanan.php on line 29 at C:\\xampp\\htdocs\\simpadu-keuangan\\vendor\\zircote\\swagger-php\\src\\Loggers\\DefaultLogger.php:23)
[stacktrace]
#0 C:\\xampp\\htdocs\\simpadu-keuangan\\vendor\\laravel\\framework\\src\\Illuminate\\Foundation\\Bootstrap\\HandleExceptions.php(256): Illuminate\\Foundation\\Bootstrap\\HandleExceptions->handleError(512, '$ref \"#/compone...', 'C:\\\\xampp\\\\htdocs...', 23)
#1 [internal function]: Illuminate\\Foundation\\Bootstrap\\HandleExceptions->Illuminate\\Foundation\\Bootstrap\\{closure}(512, '$ref \"#/compone...', 'C:\\\\xampp\\\\htdocs...', 23)
#2 C:\\xampp\\htdocs\\simpadu-keuangan\\vendor\\zircote\\swagger-php\\src\\Loggers\\DefaultLogger.php(23): trigger_error('$ref \"#/compone...', 512)
#3 C:\\xampp\\htdocs\\simpadu-keuangan\\vendor\\psr\\log\\src\\LoggerTrait.php(61): OpenApi\\Loggers\\DefaultLogger->log('warning', '$ref \"#/compone...', Array)
#4 C:\\xampp\\htdocs\\simpadu-keuangan\\vendor\\zircote\\swagger-php\\src\\Annotations\\AbstractAnnotation.php(502): Psr\\Log\\AbstractLogger->warning('$ref \"#/compone...', Array)
#5 C:\\xampp\\htdocs\\simpadu-keuangan\\vendor\\zircote\\swagger-php\\src\\Annotations\\Schema.php(519): OpenApi\\Annotations\\AbstractAnnotation->validate(Array, Array, '#/components/sc...', Object(stdClass))
#6 C:\\xampp\\htdocs\\simpadu-keuangan\\vendor\\zircote\\swagger-php\\src\\Annotations\\AbstractAnnotation.php(583): OpenApi\\Annotations\\Schema->validate(Array, Array, '#/components/sc...', Object(stdClass))
#7 C:\\xampp\\htdocs\\simpadu-keuangan\\vendor\\zircote\\swagger-php\\src\\Annotations\\AbstractAnnotation.php(589): OpenApi\\Annotations\\AbstractAnnotation::_validate(Array, Array, Array, '#/components/sc...', Object(stdClass))
#8 C:\\xampp\\htdocs\\simpadu-keuangan\\vendor\\zircote\\swagger-php\\src\\Annotations\\AbstractAnnotation.php(556): OpenApi\\Annotations\\AbstractAnnotation::_validate(Object(OpenApi\\Annotations\\Schema), Array, Array, '#/components/sc...', Object(stdClass))
#9 C:\\xampp\\htdocs\\simpadu-keuangan\\vendor\\zircote\\swagger-php\\src\\Annotations\\Schema.php(519): OpenApi\\Annotations\\AbstractAnnotation->validate(Array, Array, '#/components/sc...', Object(stdClass))
#10 C:\\xampp\\htdocs\\simpadu-keuangan\\vendor\\zircote\\swagger-php\\src\\Annotations\\AbstractAnnotation.php(583): OpenApi\\Annotations\\Schema->validate(Array, Array, '#/components/sc...', Object(stdClass))
#11 C:\\xampp\\htdocs\\simpadu-keuangan\\vendor\\zircote\\swagger-php\\src\\Annotations\\AbstractAnnotation.php(589): OpenApi\\Annotations\\AbstractAnnotation::_validate(Array, Array, Array, '#/components/sc...', Object(stdClass))
#12 C:\\xampp\\htdocs\\simpadu-keuangan\\vendor\\zircote\\swagger-php\\src\\Annotations\\AbstractAnnotation.php(556): OpenApi\\Annotations\\AbstractAnnotation::_validate(Object(OpenApi\\Annotations\\Components), Array, Array, '#/components', Object(stdClass))
#13 C:\\xampp\\htdocs\\simpadu-keuangan\\vendor\\zircote\\swagger-php\\src\\Annotations\\AbstractAnnotation.php(583): OpenApi\\Annotations\\AbstractAnnotation->validate(Array, Array, '#/components', Object(stdClass))
#14 C:\\xampp\\htdocs\\simpadu-keuangan\\vendor\\zircote\\swagger-php\\src\\Annotations\\AbstractAnnotation.php(556): OpenApi\\Annotations\\AbstractAnnotation::_validate(Object(OpenApi\\Annotations\\OpenApi), Array, Array, '#', Object(stdClass))
#15 C:\\xampp\\htdocs\\simpadu-keuangan\\vendor\\zircote\\swagger-php\\src\\Annotations\\OpenApi.php(170): OpenApi\\Annotations\\AbstractAnnotation->validate(Array, Array, '#', Object(stdClass))
#16 C:\\xampp\\htdocs\\simpadu-keuangan\\vendor\\zircote\\swagger-php\\src\\Analysis.php(423): OpenApi\\Annotations\\OpenApi->validate()
#17 C:\\xampp\\htdocs\\simpadu-keuangan\\vendor\\zircote\\swagger-php\\src\\Generator.php(377): OpenApi\\Analysis->validate()
#18 C:\\xampp\\htdocs\\simpadu-keuangan\\vendor\\darkaonline\\l5-swagger\\src\\Generator.php(177): OpenApi\\Generator->generate(Object(Symfony\\Component\\Finder\\Finder), Object(OpenApi\\Analysis))
#19 C:\\xampp\\htdocs\\simpadu-keuangan\\vendor\\darkaonline\\l5-swagger\\src\\Generator.php(118): L5Swagger\\Generator->scanFilesForDocumentation()
#20 C:\\xampp\\htdocs\\simpadu-keuangan\\vendor\\darkaonline\\l5-swagger\\src\\Console\\GenerateDocsCommand.php(73): L5Swagger\\Generator->generateDocs()
#21 C:\\xampp\\htdocs\\simpadu-keuangan\\vendor\\darkaonline\\l5-swagger\\src\\Console\\GenerateDocsCommand.php(56): L5Swagger\\Console\\GenerateDocsCommand->generateDocumentation(Object(L5Swagger\\GeneratorFactory), 'default')
#22 C:\\xampp\\htdocs\\simpadu-keuangan\\vendor\\laravel\\framework\\src\\Illuminate\\Container\\BoundMethod.php(36): L5Swagger\\Console\\GenerateDocsCommand->handle(Object(L5Swagger\\GeneratorFactory))
#23 C:\\xampp\\htdocs\\simpadu-keuangan\\vendor\\laravel\\framework\\src\\Illuminate\\Container\\Util.php(43): Illuminate\\Container\\BoundMethod::Illuminate\\Container\\{closure}()
#24 C:\\xampp\\htdocs\\simpadu-keuangan\\vendor\\laravel\\framework\\src\\Illuminate\\Container\\BoundMethod.php(96): Illuminate\\Container\\Util::unwrapIfClosure(Object(Closure))
#25 C:\\xampp\\htdocs\\simpadu-keuangan\\vendor\\laravel\\framework\\src\\Illuminate\\Container\\BoundMethod.php(35): Illuminate\\Container\\BoundMethod::callBoundMethod(Object(Illuminate\\Foundation\\Application), Array, Object(Closure))
#26 C:\\xampp\\htdocs\\simpadu-keuangan\\vendor\\laravel\\framework\\src\\Illuminate\\Container\\Container.php(754): Illuminate\\Container\\BoundMethod::call(Object(Illuminate\\Foundation\\Application), Array, Array, NULL)
#27 C:\\xampp\\htdocs\\simpadu-keuangan\\vendor\\laravel\\framework\\src\\Illuminate\\Console\\Command.php(211): Illuminate\\Container\\Container->call(Array)
#28 C:\\xampp\\htdocs\\simpadu-keuangan\\vendor\\symfony\\console\\Command\\Command.php(279): Illuminate\\Console\\Command->execute(Object(Symfony\\Component\\Console\\Input\\ArgvInput), Object(Illuminate\\Console\\OutputStyle))
#29 C:\\xampp\\htdocs\\simpadu-keuangan\\vendor\\laravel\\framework\\src\\Illuminate\\Console\\Command.php(180): Symfony\\Component\\Console\\Command\\Command->run(Object(Symfony\\Component\\Console\\Input\\ArgvInput), Object(Illuminate\\Console\\OutputStyle))
#30 C:\\xampp\\htdocs\\simpadu-keuangan\\vendor\\symfony\\console\\Application.php(1094): Illuminate\\Console\\Command->run(Object(Symfony\\Component\\Console\\Input\\ArgvInput), Object(Symfony\\Component\\Console\\Output\\ConsoleOutput))
#31 C:\\xampp\\htdocs\\simpadu-keuangan\\vendor\\symfony\\console\\Application.php(342): Symfony\\Component\\Console\\Application->doRunCommand(Object(L5Swagger\\Console\\GenerateDocsCommand), Object(Symfony\\Component\\Console\\Input\\ArgvInput), Object(Symfony\\Component\\Console\\Output\\ConsoleOutput))
#32 C:\\xampp\\htdocs\\simpadu-keuangan\\vendor\\symfony\\console\\Application.php(193): Symfony\\Component\\Console\\Application->doRun(Object(Symfony\\Component\\Console\\Input\\ArgvInput), Object(Symfony\\Component\\Console\\Output\\ConsoleOutput))
#33 C:\\xampp\\htdocs\\simpadu-keuangan\\vendor\\laravel\\framework\\src\\Illuminate\\Foundation\\Console\\Kernel.php(197): Symfony\\Component\\Console\\Application->run(Object(Symfony\\Component\\Console\\Input\\ArgvInput), Object(Symfony\\Component\\Console\\Output\\ConsoleOutput))
#34 C:\\xampp\\htdocs\\simpadu-keuangan\\vendor\\laravel\\framework\\src\\Illuminate\\Foundation\\Application.php(1234): Illuminate\\Foundation\\Console\\Kernel->handle(Object(Symfony\\Component\\Console\\Input\\ArgvInput), Object(Symfony\\Component\\Console\\Output\\ConsoleOutput))
#35 C:\\xampp\\htdocs\\simpadu-keuangan\\artisan(16): Illuminate\\Foundation\\Application->handleCommand(Object(Symfony\\Component\\Console\\Input\\ArgvInput))
#36 {main}
"} 
